features_id,bedrooms,bathrooms,squareFootage,features,lotSize
0,0.0,0.0,110000.0,"{'floorCount': 6, 'unitCount': 135}",23959.0
1,2.0,1.0,896.0,"{'architectureType': 'Ranch', 'cooling': True, 'coolingType': 'Central', 'exteriorType': 'Other', 'floorCount': 1, 'foundationType': 'Block', 'garage': True, 'garageType': 'Attached', 'heating': True, 'heatingType': 'Central', 'roofType': 'Composition Shingle', 'roomCount': 4, 'unitCount': 1}",16906.0
2,2.0,2.0,1559.0,"{'architectureType': 'Condo / Apartment', 'cooling': True, 'coolingType': 'Refrigeration', 'exteriorType': 'Wood', 'floorCount': 1, 'garage': True, 'garageSpaces': 1, 'garageType': 'Garage', 'heating': True, 'heatingType': 'Forced Air', 'roofType': 'Roll Composition', 'roomCount': 1, 'unitCount': 1}",3650.0
3,0.0,0.0,4052.0,"{'floorCount': 2, 'garage': True, 'garageType': 'Garage', 'unitCount': 1}",0.0
4,3.0,3.0,2398.0,"{'architectureType': 'Colonial', 'cooling': True, 'coolingType': 'Commercial', 'fireplace': True, 'floorCount': 2, 'garage': True, 'garageSpaces': 2, 'garageType': 'Attached Garage', 'heating': True, 'heatingType': 'Package', 'roomCount': 5, 'unitCount': 1}",75010.0
5,3.0,1.0,1520.0,"{'exteriorType': 'Shingle', 'fireplace': True, 'floorCount': 2, 'foundationType': 'Footing', 'roofType': 'Metal', 'unitCount': 1}",87120.0
6,4.0,2.0,1290.0,"{'fireplace': True, 'floorCount': 1, 'garage': True, 'garageType': 'Garage', 'heating': True, 'roomCount': 7, 'unitCount': 1}",7000.0
7,0.0,3.0,2181.0,"{'cooling': True, 'coolingType': 'Central', 'exteriorType': 'Stucco', 'floorCount': 1, 'foundationType': 'Footing', 'garage': True, 'garageSpaces': 2, 'garageType': 'Garage', 'heating': True, 'heatingType': 'Central', 'pool': True, 'poolType': 'Pool and Hot Tub / Spa', 'roofType': 'Composition Shingle', 'unitCount': 1, 'architectureType': 'Dome'}",7601.0
8,2.0,2.0,1116.0,"{'architectureType': 'Ranch', 'cooling': True, 'coolingType': 'Central', 'exteriorType': 'Brick', 'fireplace': True, 'floorCount': 1, 'garage': True, 'garageSpaces': 1, 'garageType': 'Basement', 'heating': True, 'heatingType': 'Heat Pump', 'roomCount': 5, 'unitCount': 1}",8370.0
9,2.0,1.5,1152.0,"{'architectureType': 'Conventional', 'cooling': True, 'coolingType': 'Central', 'exteriorType': 'Aluminum / Vinyl Siding', 'fireplace': True, 'floorCount': 2, 'garage': True, 'garageType': 'Detached', 'heating': True, 'heatingType': 'Gas', 'roomCount': 5, 'unitCount': 1}",653.0
10,0.0,0.0,1108.0,"{'floorCount': 2, 'unitCount': 1}",5000.0
11,4.0,2.5,2698.0,"{'fireplace': True, 'floorCount': 2, 'garage': True, 'garageType': 'Garage', 'roomCount': 9, 'unitCount': 1}",4680.0
12,0.0,0.0,0.0,Unknown,0.0
13,4.0,3.0,2707.0,"{'architectureType': 'Split Level', 'cooling': True, 'coolingType': 'Package', 'fireplace': True, 'floorCount': 2, 'garage': True, 'garageType': 'Attached', 'heating': True, 'heatingType': 'Forced Air', 'unitCount': 1}",10629.0
14,5.0,3.0,3607.0,"{'cooling': True, 'coolingType': 'Central', 'fireplace': True, 'floorCount': 2, 'garage': True, 'garageSpaces': 3, 'garageType': 'Attached', 'heating': True, 'heatingType': 'Central', 'roofType': 'Tile', 'unitCount': 1}",12632.0
15,3.0,1.0,1350.0,"{'architectureType': 'Ranch', 'exteriorType': 'Stucco', 'floorCount': 1, 'foundationType': 'Other', 'garage': True, 'garageSpaces': 2, 'garageType': 'Mixed', 'heating': True, 'heatingType': 'Hot Water', 'roofType': 'Composition Shingle', 'roomCount': 6, 'unitCount': 1}",10709.0
16,4.0,2.0,1926.0,"{'cooling': True, 'coolingType': 'Central', 'exteriorType': 'Aluminum / Vinyl Siding', 'fireplace': True, 'fireplaceType': 'Gas Log', 'floorCount': 1, 'foundationType': 'Block', 'garage': True, 'garageSpaces': 2, 'garageType': 'Basement', 'heating': True, 'heatingType': 'Forced Air', 'roofType': 'Asphalt'}",23261.0
17,3.0,2.0,1146.0,Unknown,0.0
18,3.0,2.0,2020.0,"{'cooling': True, 'coolingType': 'Central', 'exteriorType': 'Brick Veneer', 'fireplace': True, 'floorCount': 1, 'foundationType': 'Slab / Mat / Raft', 'garage': True, 'garageSpaces': 2, 'garageType': 'Attached', 'heating': True, 'heatingType': 'Central', 'roomCount': 6, 'unitCount': 1}",7009.0
19,4.0,1.0,2836.0,Unknown,2221560.0
20,3.0,2.0,1816.0,"{'architectureType': 'A-Frame', 'cooling': True, 'coolingType': 'Commercial', 'exteriorType': 'Vinyl', 'floorCount': 2, 'foundationType': 'Stone', 'garage': True, 'garageType': 'Detached', 'heating': True, 'heatingType': 'Hot Water', 'roofType': 'Asphalt', 'roomCount': 10}",9750.0
21,2.0,3.5,2519.0,"{'architectureType': 'Contemporary', 'cooling': True, 'coolingType': 'Central', 'exteriorType': 'Stucco', 'fireplace': True, 'floorCount': 2, 'foundationType': 'Masonry', 'garage': True, 'garageType': 'Attached', 'heating': True, 'heatingType': 'Central', 'roofType': 'Metal', 'roomCount': 6}",20038.0
22,1.0,1.0,0.0,Unknown,0.0
23,2.0,1.5,1334.0,"{'architectureType': 'Ranch', 'fireplace': True, 'garage': True, 'garageSpaces': 2, 'garageType': 'Garage', 'heating': True, 'heatingType': 'Forced Air'}",262449.0
24,0.0,1.0,3637.0,"{'cooling': True, 'coolingType': 'Commercial', 'exteriorType': 'Brick', 'fireplace': True, 'floorCount': 1, 'foundationType': 'Brick', 'heating': True, 'heatingType': 'Forced Air', 'roofType': 'Asphalt', 'unitCount': 1}",23348.0
25,0.0,0.0,2310.0,"{'exteriorType': 'Wood', 'floorCount': 2, 'garage': True, 'garageSpaces': 2, 'garageType': 'Detached', 'unitCount': 1}",10498.0
26,3.0,2.0,2296.0,"{'architectureType': 'Conventional', 'cooling': True, 'coolingType': 'Commercial', 'exteriorType': 'Other', 'fireplace': True, 'floorCount': 1, 'garage': True, 'garageType': 'Attached', 'heating': True, 'heatingType': 'Forced Air', 'roomCount': 6, 'unitCount': 1}",13504.0
27,3.0,1.5,1394.0,Unknown,7841.0
28,3.0,1.5,1150.0,"{'garage': True, 'garageSpaces': 2, 'garageType': 'Garage', 'unitCount': 1}",5686.0
29,1.0,1.0,719.0,Unknown,0.0
30,6.0,4.5,2764.0,Unknown,328442.0
31,2.0,2.0,1023.0,"{'architectureType': 'Condo / Apartment', 'unitCount': 1}",43560.0
32,3.0,2.0,1973.0,"{'cooling': True, 'coolingType': 'Commercial', 'exteriorType': 'Aluminum / Vinyl Siding', 'fireplace': True, 'fireplaceType': '2 Story', 'foundationType': 'Wood', 'heating': True, 'heatingType': 'Forced Air'}",17424.0
33,3.0,2.0,1232.0,"{'cooling': True, 'exteriorType': 'Aluminum / Vinyl Siding', 'floorCount': 1, 'foundationType': 'Footing', 'garage': True, 'garageType': 'Garage', 'heating': True, 'heatingType': 'Heat Pump', 'unitCount': 1, 'coolingType': 'Commercial'}",23958.0
34,4.0,2.0,1950.0,"{'cooling': True, 'coolingType': 'Central', 'floorCount': 1, 'foundationType': 'Raised', 'garage': True, 'garageSpaces': 2, 'garageType': 'Attached', 'heating': True, 'heatingType': 'Central', 'roofType': 'Asphalt', 'roomCount': 6, 'pool': True}",19166.0
35,3.0,2.0,1290.0,"{'architectureType': 'Single Story', 'cooling': True, 'coolingType': 'Central', 'exteriorType': 'Stucco', 'fireplace': True, 'floorCount': 1, 'garage': True, 'garageSpaces': 1, 'garageType': 'Carport', 'heating': True, 'heatingType': 'Forced Air', 'roofType': 'Built-up (Layered Asphalt)', 'roomCount': 5, 'unitCount': 1}",5663.0
36,4.0,2.5,2222.0,"{'architectureType': 'Conventional', 'cooling': True, 'coolingType': 'Central', 'exteriorType': 'Brick / Stone', 'fireplace': True, 'floorCount': 2, 'garage': True, 'garageSpaces': 2, 'garageType': 'Attached', 'heating': True, 'heatingType': 'Gas', 'roomCount': 8, 'unitCount': 1}",12110.0
37,3.0,2.5,1791.0,"{'cooling': True, 'coolingType': 'Central', 'exteriorType': 'Wood', 'fireplace': True, 'fireplaceType': 'Masonry', 'floorCount': 2, 'foundationType': 'Concrete', 'garage': True, 'garageSpaces': 2, 'garageType': 'Attached', 'heating': True, 'heatingType': 'Central', 'unitCount': 1, 'architectureType': 'Traditional'}",10454.0
38,3.0,2.0,1482.0,"{'architectureType': 'Ranch', 'cooling': True, 'coolingType': 'Commercial', 'fireplace': True, 'floorCount': 1, 'foundationType': 'Slab / Mat / Raft', 'garage': True, 'garageType': 'Garage', 'heating': True, 'roomCount': 6, 'unitCount': 1}",936.0
39,4.0,2.0,2325.0,"{'cooling': True, 'coolingType': 'Central', 'floorCount': 1, 'garage': True, 'garageSpaces': 2, 'garageType': 'Attached', 'heating': True, 'heatingType': 'Central', 'pool': True, 'roofType': 'Tile'}",7405.0
40,3.0,2.0,1746.0,"{'cooling': True, 'coolingType': 'Central', 'exteriorType': 'Brick', 'fireplace': True, 'fireplaceType': 'Masonry', 'floorCount': 1, 'foundationType': 'Concrete', 'garage': True, 'garageSpaces': 2, 'garageType': 'Carport', 'heating': True, 'heatingType': 'Central', 'roofType': 'Asphalt', 'roomCount': 5, 'unitCount': 1, 'architectureType': 'Ranch'}",20909.0
41,3.0,2.5,1484.0,"{'architectureType': 'Split Level', 'cooling': True, 'coolingType': 'Central', 'exteriorType': 'Wood', 'floorCount': 2, 'garage': True, 'garageSpaces': 2, 'garageType': 'Detached', 'roofType': 'Shingle', 'unitCount': 1}",3128.0
42,0.0,2.0,2064.0,"{'exteriorType': 'Brick', 'fireplace': True, 'floorCount': 3, 'heating': True, 'heatingType': 'Forced Air', 'roofType': 'Asphalt', 'unitCount': 1, 'architectureType': 'Duplex'}",4792.0
43,3.0,1.0,1423.0,"{'exteriorType': 'Other', 'floorCount': 2, 'garage': True, 'garageSpaces': 1, 'garageType': 'Garage', 'heating': True, 'heatingType': 'Central', 'roofType': 'Shingle', 'roomCount': 9, 'unitCount': 1, 'architectureType': 'Traditional'}",22777.0
44,4.0,2.0,1852.0,"{'architectureType': 'Traditional', 'cooling': True, 'coolingType': 'Central', 'exteriorType': 'Brick Veneer', 'fireplace': True, 'floorCount': 1, 'foundationType': 'Slab / Mat / Raft', 'garage': True, 'garageSpaces': 1, 'garageType': 'Detached', 'heating': True, 'heatingType': 'Central', 'roomCount': 7, 'unitCount': 1}",9182.0
45,3.0,2.5,2022.0,"{'cooling': True, 'coolingType': 'Central', 'fireplace': True, 'floorCount': 2, 'garage': True, 'garageSpaces': 2, 'garageType': 'Attached', 'heating': True, 'heatingType': 'Central', 'roofType': 'Asphalt', 'roomCount': 6}",10019.0
46,3.0,2.0,2073.0,"{'architectureType': 'Ranch', 'cooling': True, 'coolingType': 'Central', 'exteriorType': 'Stucco', 'floorCount': 1, 'garage': True, 'garageSpaces': 2, 'garageType': 'Attached', 'heating': True, 'heatingType': 'Forced Air', 'pool': True, 'roofType': 'Asphalt', 'unitCount': 1}",10067.0
47,2.0,2.0,770.0,"{'architectureType': 'Condo / Apartment', 'cooling': True, 'coolingType': 'Commercial', 'heating': True, 'heatingType': 'Central', 'unitCount': 1}",59013.0
48,3.0,2.0,1134.0,"{'cooling': True, 'coolingType': 'Commercial', 'exteriorType': 'Brick Veneer', 'foundationType': 'Slab / Mat / Raft', 'heating': True, 'roofType': 'Asphalt', 'roomCount': 6}",12218.0
49,4.0,2.0,1558.0,"{'cooling': True, 'coolingType': 'Wall', 'exteriorType': 'Wood', 'fireplace': True, 'fireplaceType': 'Gas Log', 'foundationType': 'Footing', 'garage': True, 'garageType': 'Basement', 'heating': True, 'heatingType': 'Forced Air', 'roofType': 'Composition Shingle', 'unitCount': 1, 'floorCount': 2, 'garageSpaces': 2}",6970.0
50,0.0,0.0,2039.0,"{'garage': True, 'garageType': 'Garage'}",32670.0
51,3.0,0.0,950.0,"{'cooling': True, 'exteriorType': 'Brick', 'floorCount': 1, 'foundationType': 'Slab / Mat / Raft', 'heating': True, 'roofType': 'Shingle', 'roomCount': 6, 'coolingType': 'Commercial', 'unitCount': 1}",43560.0
52,3.0,2.5,2409.0,{'unitCount': 1},20038.0
53,2.0,1.0,799.0,"{'exteriorType': 'Stucco', 'floorCount': 1, 'garage': True, 'garageType': 'Detached', 'heating': True, 'heatingType': 'Central', 'roomCount': 5, 'unitCount': 1}",7180.0
54,3.0,2.0,1988.0,"{'cooling': True, 'coolingType': 'Central', 'fireplace': True, 'fireplaceType': 'Single', 'floorCount': 1, 'garage': True, 'garageSpaces': 2, 'garageType': 'Attached', 'heating': True, 'heatingType': 'Central', 'unitCount': 1}",8000.0
55,3.0,2.0,1616.0,"{'cooling': True, 'coolingType': 'Commercial', 'exteriorType': 'Wood', 'fireplace': True, 'fireplaceType': 'Gas Log', 'foundationType': 'Footing', 'garage': True, 'garageType': 'Garage', 'heating': True, 'roofType': 'Composition Shingle', 'unitCount': 1}",6534.0
56,4.0,2.0,2055.0,"{'foundationType': 'Slab / Mat / Raft', 'heating': True, 'heatingType': 'Forced Air'}",7841.0
57,3.0,2.5,2232.0,"{'cooling': True, 'coolingType': 'Central', 'exteriorType': 'Brick', 'fireplace': True, 'fireplaceType': 'Prefab', 'floorCount': 2, 'garage': True, 'garageType': 'Garage', 'heating': True, 'heatingType': 'Central', 'roofType': 'Asphalt', 'unitCount': 1}",22651.0
58,3.0,1.5,896.0,"{'architectureType': 'Mobile Home', 'cooling': True, 'coolingType': 'Evaporative', 'exteriorType': 'Other', 'floorCount': 1, 'heating': True, 'heatingType': 'Forced Air', 'roofType': 'Composition Shingle', 'unitCount': 1}",8992.0
59,4.0,2.0,909.0,"{'architectureType': 'Split Level', 'cooling': True, 'coolingType': 'Commercial', 'exteriorType': 'Wood', 'floorCount': 2, 'foundationType': 'Other', 'garage': True, 'garageSpaces': 2, 'garageType': 'Attached', 'heating': True, 'heatingType': 'Forced Air', 'roofType': 'Composition Shingle', 'roomCount': 7, 'unitCount': 1}",9583.0
60,3.0,1.0,2073.0,"{'cooling': True, 'coolingType': 'Central', 'exteriorType': 'Stucco', 'floorCount': 1, 'foundationType': 'Slab / Mat / Raft', 'garage': True, 'garageType': 'Attached', 'heating': True, 'heatingType': 'Central', 'roofType': 'Asphalt', 'roomCount': 4, 'unitCount': 1}",23522.0
61,4.0,4.5,2755.0,"{'architectureType': 'Split Level', 'cooling': True, 'coolingType': 'Commercial', 'exteriorType': 'Aluminum / Vinyl Siding', 'fireplace': True, 'floorCount': 2, 'garage': True, 'garageType': 'Attached', 'heating': True, 'heatingType': 'Forced Air', 'roofType': 'Composition Shingle', 'roomCount': 9, 'unitCount': 1}",5930.0
62,5.0,2.5,3520.0,Unknown,42105.0
63,0.0,1.0,1147.0,"{'cooling': True, 'coolingType': 'Refrigeration', 'exteriorType': 'Block', 'floorCount': 1, 'garage': True, 'garageSpaces': 2, 'garageType': 'Mixed', 'heating': True, 'heatingType': 'Forced Air', 'roofType': 'Asphalt', 'roomCount': 5, 'unitCount': 1}",7000.0
64,0.0,0.0,1092.0,"{'architectureType': 'Condo / Apartment', 'unitCount': 1}",0.0
65,1.0,1.0,900.0,Unknown,0.0
66,3.0,1.0,1462.0,"{'architectureType': 'Split Entry', 'cooling': True, 'coolingType': 'Commercial', 'exteriorType': 'Composition', 'floorCount': 2, 'foundationType': 'Concrete Block', 'garage': True, 'garageSpaces': 2, 'garageType': 'Attached', 'heating': True, 'heatingType': 'Electric', 'roofType': 'Asphalt', 'roomCount': 3, 'unitCount': 1}",10454.0
67,0.0,0.0,0.0,Unknown,202990.0
68,4.0,4.0,3225.0,"{'floorCount': 1, 'garage': True, 'garageType': 'Garage', 'roomCount': 7, 'unitCount': 1}",7920.0
69,4.0,1.0,1512.0,"{'cooling': True, 'coolingType': 'Central', 'fireplace': True, 'floorCount': 1, 'garage': True, 'garageSpaces': 2, 'garageType': 'Carport', 'heating': True, 'heatingType': 'Central', 'roofType': 'Composition Shingle', 'unitCount': 1}",8276.0
70,0.0,2.0,1920.0,"{'cooling': True, 'coolingType': 'Package', 'exteriorType': 'Siding', 'floorCount': 1, 'foundationType': 'Footing', 'heating': True, 'heatingType': 'Central', 'roofType': 'Metal', 'unitCount': 1}",8500.0
71,0.0,3.0,3410.0,"{'cooling': True, 'coolingType': 'Commercial', 'exteriorType': 'Brick', 'floorCount': 2, 'garage': True, 'garageType': 'Garage', 'heating': True}",0.0
72,4.0,2.5,2924.0,"{'architectureType': 'Traditional', 'cooling': True, 'coolingType': 'Central', 'exteriorType': 'Brick Veneer', 'fireplace': True, 'floorCount': 2, 'foundationType': 'Slab / Mat / Raft', 'garage': True, 'garageSpaces': 1, 'garageType': 'Detached', 'heating': True, 'heatingType': 'Central', 'roomCount': 9, 'unitCount': 1}",8734.0
73,2.0,2.0,1618.0,Unknown,0.0
74,3.0,3.5,1792.0,Unknown,1120.0
75,4.0,2.5,1066.0,"{'architectureType': 'Rambler', 'cooling': True, 'coolingType': 'Commercial', 'exteriorType': 'Brick', 'fireplace': True, 'floorCount': 1, 'garage': True, 'garageType': 'Detached', 'heating': True, 'heatingType': 'Forced Air', 'roomCount': 8, 'unitCount': 1}",19855.0
76,3.0,3.0,2484.0,{'unitCount': 1},0.0
77,7.0,3.0,5730.0,"{'exteriorType': 'Aluminum / Vinyl Siding', 'fireplace': True, 'floorCount': 3, 'roomCount': 15}",130680.0
78,0.0,0.0,0.0,{'architectureType': 'Condo / Apartment'},8717.0
79,0.0,2.0,1040.0,"{'cooling': True, 'coolingType': 'Commercial', 'floorCount': 1, 'heating': True, 'heatingType': 'Central', 'unitCount': 1}",7439.0
80,3.0,2.0,2464.0,"{'architectureType': 'Ranch', 'cooling': True, 'coolingType': 'Commercial', 'exteriorType': 'Brick', 'fireplace': True, 'floorCount': 1, 'foundationType': 'Block', 'garage': True, 'garageSpaces': 2, 'garageType': 'Detached', 'heating': True, 'heatingType': 'Hot Water', 'roofType': 'Wood', 'roomCount': 6, 'unitCount': 1}",44431.0
81,2.0,1.0,1089.0,"{'architectureType': 'Ranch', 'cooling': True, 'coolingType': 'Central', 'exteriorType': 'Aluminum / Vinyl Siding', 'floorCount': 1, 'foundationType': 'Raised', 'garage': True, 'garageType': 'Mixed', 'heating': True, 'heatingType': 'Forced Air', 'roofType': 'Composition Shingle', 'roomCount': 5}",14000.0
82,3.0,2.5,2414.0,"{'architectureType': 'Ranch', 'cooling': True, 'coolingType': 'Commercial', 'exteriorType': 'Aluminum / Vinyl Siding', 'floorCount': 1, 'heating': True, 'heatingType': 'Radiant', 'roofType': 'Asphalt', 'roomCount': 6, 'unitCount': 1}",121968.0
83,2.0,0.0,860.0,"{'cooling': True, 'coolingType': 'Central', 'fireplace': True, 'fireplaceType': 'Masonry', 'floorCount': 1, 'foundationType': 'Crawl / Raised', 'garage': True, 'garageSpaces': 2, 'garageType': 'Detached Garage', 'heating': True, 'heatingType': 'Central', 'roofType': 'Asphalt', 'roomCount': 5, 'unitCount': 1}",43560.0
84,3.0,1.5,1857.0,"{'architectureType': 'Raised Ranch', 'cooling': True, 'coolingType': 'Central', 'exteriorType': 'Aluminum / Vinyl Siding', 'floorCount': 1, 'garage': True, 'garageSpaces': 2, 'garageType': 'Basement', 'heating': True, 'heatingType': 'Hot Water', 'roomCount': 7, 'unitCount': 1}",13504.0
85,3.0,2.0,1475.0,"{'architectureType': 'High Rise', 'cooling': True, 'coolingType': 'Central', 'exteriorType': 'Brick / Stone', 'floorCount': 1, 'garage': True, 'garageType': 'Garage', 'heating': True, 'heatingType': 'Central', 'roofType': 'Built-up (Layered Asphalt)', 'unitCount': 1, 'foundationType': 'Other'}",0.0
86,1.0,1.5,784.0,"{'architectureType': 'Conventional', 'cooling': True, 'coolingType': 'Central', 'exteriorType': 'Aluminum / Vinyl Siding', 'floorCount': 2, 'heating': True, 'roomCount': 3, 'unitCount': 1}",479.0
87,2.0,3.0,2350.0,"{'architectureType': 'Condo / Apartment', 'cooling': True, 'coolingType': 'Central', 'exteriorType': 'Brick', 'fireplace': True, 'foundationType': 'Slab / Mat / Raft', 'garage': True, 'garageSpaces': 2, 'garageType': 'Garage', 'heating': True, 'heatingType': 'Forced Air', 'roomCount': 6, 'unitCount': 1}",40865.0
88,3.0,2.5,1537.0,"{'architectureType': 'Traditional', 'cooling': True, 'coolingType': 'Commercial', 'exteriorType': 'Brick / Stone', 'fireplace': True, 'floorCount': 2, 'foundationType': 'Stone', 'heating': True, 'heatingType': 'Forced Air', 'roofType': 'Composition Shingle', 'unitCount': 1}",12197.0
89,4.0,3.0,2793.0,"{'cooling': True, 'coolingType': 'Central', 'exteriorType': 'Aluminum / Vinyl Siding', 'fireplace': True, 'floorCount': 2, 'garage': True, 'garageType': 'Garage', 'heating': True, 'heatingType': 'Central', 'roofType': 'Composition Shingle'}",5663.0
90,3.0,2.0,1057.0,"{'architectureType': 'Conventional', 'floorCount': 1, 'garage': True, 'garageSpaces': 1, 'garageType': 'Garage', 'heating': True, 'heatingType': 'Central', 'roomCount': 9, 'unitCount': 1}",4791.0
91,3.0,2.5,2398.0,Unknown,66211.0
92,4.0,2.5,2701.0,"{'architectureType': 'Contemporary', 'cooling': True, 'coolingType': 'Central', 'exteriorType': 'Combination', 'fireplace': True, 'floorCount': 2, 'foundationType': 'Slab / Mat / Raft', 'garage': True, 'garageSpaces': 1, 'garageType': 'Attached', 'heating': True, 'heatingType': 'Forced Air', 'roofType': 'Asphalt', 'roomCount': 8, 'fireplaceType': 'Yes'}",5532.0
93,4.0,2.5,3532.0,"{'architectureType': 'Conventional', 'cooling': True, 'coolingType': 'Commercial', 'exteriorType': 'Other', 'fireplace': True, 'floorCount': 2, 'garage': True, 'garageSpaces': 1, 'garageType': 'Attached', 'heating': True, 'heatingType': 'Forced Air', 'roofType': 'Composition Shingle', 'unitCount': 1}",10019.0
94,3.0,1.5,1340.0,"{'cooling': True, 'coolingType': 'Central', 'floorCount': 1, 'garage': True, 'garageType': 'Attached', 'heating': True, 'heatingType': 'Central', 'roofType': 'Composition Shingle', 'roomCount': 5, 'unitCount': 1}",9583.0
95,3.0,2.0,2564.0,"{'architectureType': 'Conventional', 'cooling': True, 'coolingType': 'Central', 'exteriorType': 'Other', 'fireplace': True, 'floorCount': 2, 'garage': True, 'garageType': 'Attached', 'heating': True, 'heatingType': 'Forced Air', 'roofType': 'Composition Shingle', 'unitCount': 1, 'foundationType': 'Other'}",11326.0
96,0.0,3.0,2874.0,"{'architectureType': 'Conventional', 'cooling': True, 'coolingType': 'Central', 'exteriorType': 'Wood', 'fireplace': True, 'floorCount': 2, 'foundationType': 'Raised', 'garage': True, 'garageType': 'Garage', 'heating': True, 'heatingType': 'Central', 'roomCount': 8, 'unitCount': 1}",16988.0
97,3.0,1.5,1475.0,Unknown,0.0
98,0.0,2.0,1508.0,"{'cooling': True, 'coolingType': 'Refrigeration', 'exteriorType': 'Wood', 'floorCount': 1, 'garage': True, 'garageSpaces': 2, 'garageType': 'Garage', 'heating': True, 'heatingType': 'Forced Air', 'roofType': 'Asphalt', 'roomCount': 5, 'unitCount': 1}",10990.0
99,3.0,3.0,1593.0,"{'cooling': True, 'coolingType': 'Commercial', 'exteriorType': 'Aluminum / Vinyl Siding', 'floorCount': 2, 'foundationType': 'Other', 'garage': True, 'garageType': 'Attached', 'heating': True, 'roofType': 'Asphalt', 'roomCount': 8, 'unitCount': 1}",1742.0
100,6.0,4.5,3225.0,"{'architectureType': 'Modern', 'cooling': True, 'coolingType': 'Central', 'fireplace': True, 'floorCount': 2, 'garage': True, 'garageSpaces': 3, 'garageType': 'Attached', 'heating': True, 'heatingType': 'Central', 'pool': True, 'poolType': 'Pool and Hot Tub / Spa', 'roofType': 'Tile', 'roomCount': 12, 'unitCount': 1, 'viewType': 'Fair'}",10069.0
101,3.0,1.0,1184.0,"{'architectureType': 'Ranch', 'cooling': True, 'coolingType': 'Central', 'exteriorType': 'Wood', 'floorCount': 1, 'foundationType': 'Other', 'garage': True, 'garageType': 'Attached', 'heating': True, 'heatingType': 'Forced Air', 'roofType': 'Composition Shingle', 'roomCount': 4, 'unitCount': 1}",9708.0
102,3.0,1.0,820.0,"{'architectureType': 'Colonial', 'cooling': True, 'coolingType': 'Central', 'heating': True, 'heatingType': 'Forced Air', 'roofType': 'Composition Shingle', 'exteriorType': 'Stucco', 'floorCount': 2}",0.0
103,0.0,0.0,1109.0,"{'architectureType': 'Ranch', 'exteriorType': 'Brick', 'floorCount': 1, 'heating': True, 'unitCount': 1}",7100.0
104,3.0,2.5,2326.0,"{'architectureType': 'Traditional', 'cooling': True, 'coolingType': 'Central', 'exteriorType': 'Brick', 'fireplace': True, 'floorCount': 2, 'foundationType': 'Slab / Mat / Raft', 'garage': True, 'garageSpaces': 12, 'garageType': 'Attached', 'heating': True, 'heatingType': 'Central', 'roomCount': 7, 'unitCount': 1}",6996.0
105,3.0,2.5,2268.0,"{'architectureType': 'Colonial', 'cooling': True, 'coolingType': 'Central', 'exteriorType': 'Brick / Stone', 'floorCount': 2, 'foundationType': 'Raised', 'heating': True, 'heatingType': 'Central', 'roomCount': 8, 'unitCount': 1}",11761.0
106,3.0,1.5,943.0,"{'architectureType': 'Ranch', 'cooling': True, 'coolingType': 'Central', 'exteriorType': 'Brick Veneer', 'floorCount': 1, 'foundationType': 'Slab / Mat / Raft', 'garage': True, 'garageSpaces': 2, 'garageType': 'Attached', 'heating': True, 'heatingType': 'Central', 'roofType': 'Composition Shingle', 'roomCount': 5, 'unitCount': 1}",6055.0
107,0.0,0.0,1824.0,"{'architectureType': 'Duplex', 'floorCount': 2, 'garage': True, 'garageType': 'Garage', 'unitCount': 2}",2400.0
108,3.0,2.0,1206.0,"{'cooling': True, 'coolingType': 'Central', 'exteriorType': 'Aluminum / Vinyl Siding', 'fireplace': True, 'floorCount': 1, 'garage': True, 'garageSpaces': 1, 'garageType': 'Detached Garage', 'heating': True, 'heatingType': 'Central'}",7048.0
109,4.0,2.0,2764.0,"{'exteriorType': 'Wood', 'fireplace': True, 'floorCount': 2, 'foundationType': 'Block', 'garage': True, 'garageType': 'Attached', 'heating': True, 'heatingType': 'Forced Air', 'roofType': 'Asphalt', 'roomCount': 8}",9106.0
110,3.0,2.0,1248.0,"{'architectureType': 'Ranch', 'cooling': True, 'coolingType': 'Commercial', 'exteriorType': 'Brick', 'fireplace': True, 'floorCount': 1, 'foundationType': 'Slab / Mat / Raft', 'garage': True, 'garageType': 'Garage', 'heating': True, 'roomCount': 6, 'unitCount': 1}",0.0
111,4.0,2.0,1096.0,"{'architectureType': 'Split Level', 'floorCount': 2, 'garage': True, 'garageType': 'Garage', 'unitCount': 1}",10019.0
112,2.0,2.0,975.0,Unknown,0.0
113,4.0,3.5,3451.0,"{'architectureType': 'Contemporary', 'cooling': True, 'coolingType': 'Central', 'exteriorType': 'Combination', 'fireplace': True, 'floorCount': 2, 'foundationType': 'Slab / Mat / Raft', 'garage': True, 'garageType': 'Attached', 'heating': True, 'heatingType': 'Forced Air', 'roofType': 'Asphalt', 'roomCount': 10, 'unitCount': 1}",8008.0
114,3.0,1.0,1176.0,"{'architectureType': 'Conventional', 'exteriorType': 'Aluminum / Vinyl Siding', 'floorCount': 1, 'heating': True, 'heatingType': 'Baseboard', 'roomCount': 5}",7187.0
115,5.0,4.5,3271.0,"{'architectureType': 'Conventional', 'cooling': True, 'coolingType': 'Central', 'exteriorType': 'Stone', 'fireplace': True, 'fireplaceType': 'Prefab', 'floorCount': 2, 'garage': True, 'garageType': 'Garage', 'heating': True, 'heatingType': 'Forced Air', 'roomCount': 10, 'unitCount': 1}",10890.0
116,1.0,1.0,672.0,Unknown,1307.0
117,3.0,3.5,1640.0,"{'architectureType': 'Townhouse', 'cooling': True, 'coolingType': 'Commercial', 'exteriorType': 'Siding', 'fireplace': True, 'floorCount': 2, 'garage': True, 'garageSpaces': 1, 'garageType': 'Basement', 'heating': True, 'heatingType': 'Heat Pump', 'roofType': 'Composition Shingle', 'unitCount': 1}",2045.0
118,3.0,2.0,1725.0,"{'cooling': True, 'coolingType': 'Central', 'exteriorType': 'Concrete', 'floorCount': 1, 'garage': True, 'garageType': 'Attached', 'roomCount': 8, 'architectureType': 'Conventional', 'heating': True, 'heatingType': 'Hot Water'}",8712.0
119,4.0,1.0,2612.0,"{'exteriorType': 'Other', 'fireplace': True, 'floorCount': 2, 'garage': True, 'garageType': 'Attached', 'heating': True, 'roofType': 'Asphalt', 'roomCount': 8}",19210.0
120,0.0,0.0,0.0,Unknown,13068.0
121,2.0,2.5,1584.0,"{'architectureType': 'Townhouse', 'cooling': True, 'coolingType': 'Central', 'exteriorType': 'Brick Veneer', 'fireplace': True, 'fireplaceType': 'Single', 'floorCount': 2, 'heating': True, 'heatingType': 'Central', 'roofType': 'Composition Shingle', 'roomCount': 5, 'unitCount': 1}",1568.0
122,3.0,1.5,1118.0,"{'architectureType': 'Ranch', 'cooling': True, 'coolingType': 'Central', 'exteriorType': 'Other', 'fireplace': True, 'floorCount': 1, 'garage': True, 'garageType': 'Garage', 'heating': True, 'heatingType': 'Forced Air', 'roomCount': 6, 'unitCount': 1, 'foundationType': 'Raised'}",6042.0
123,0.0,0.0,0.0,"{'garage': True, 'garageSpaces': 5, 'garageType': 'Mixed'}",4792.0
124,4.0,2.5,1888.0,"{'cooling': True, 'coolingType': 'Central', 'exteriorType': 'Aluminum / Vinyl Siding', 'fireplace': True, 'floorCount': 2, 'garage': True, 'garageType': 'Garage', 'heating': True, 'heatingType': 'Electric', 'roomCount': 8, 'unitCount': 1}",19602.0
125,2.0,1.0,2315.0,"{'exteriorType': 'Log', 'floorCount': 2, 'heating': True, 'heatingType': 'Radiant', 'roofType': 'Metal', 'roomCount': 7, 'unitCount': 1}",39640.0
126,3.0,2.0,1618.0,"{'architectureType': 'Ranch', 'cooling': True, 'coolingType': 'Central', 'exteriorType': 'Wood', 'fireplace': True, 'floorCount': 1, 'garage': True, 'garageSpaces': 2, 'garageType': 'Detached', 'heating': True, 'heatingType': 'Forced Air', 'roomCount': 9, 'unitCount': 1}",12804.0
127,3.0,1.0,976.0,"{'architectureType': 'Conventional', 'cooling': True, 'coolingType': 'Central', 'exteriorType': 'Aluminum / Vinyl Siding', 'floorCount': 1, 'foundationType': 'Raised', 'garage': True, 'garageType': 'Carport', 'heating': True, 'heatingType': 'Central', 'roomCount': 5}",4966.0
128,3.0,2.0,950.0,Unknown,0.0
129,4.0,2.0,2412.0,"{'unitCount': 1, 'floorCount': 1, 'garage': True, 'garageType': 'Detached', 'roomCount': 7}",8344.0
130,0.0,3.0,1832.0,"{'cooling': True, 'coolingType': 'Central', 'exteriorType': 'Stucco', 'fireplace': True, 'floorCount': 1, 'foundationType': 'Footing', 'garage': True, 'garageSpaces': 2, 'garageType': 'Garage', 'heating': True, 'heatingType': 'Central', 'pool': True, 'roofType': 'Composition Shingle', 'unitCount': 1}",7349.0
131,4.0,2.5,2330.0,"{'architectureType': 'Colonial', 'cooling': True, 'coolingType': 'Central', 'exteriorType': 'Aluminum / Vinyl Siding', 'fireplace': True, 'fireplaceType': 'Prefab', 'floorCount': 2, 'foundationType': 'Other', 'garage': True, 'garageType': 'Attached', 'heating': True, 'heatingType': 'Central', 'roofType': 'Asphalt', 'roomCount': 8, 'unitCount': 1}",8712.0
132,4.0,3.0,1584.0,"{'architectureType': 'Modern', 'floorCount': 1, 'garage': True, 'garageSpaces': 1, 'garageType': 'Garage', 'heating': True, 'heatingType': 'Floor / Wall', 'pool': True, 'roomCount': 9, 'unitCount': 1}",7056.0
133,3.0,1.5,1457.0,"{'architectureType': 'Ranch', 'cooling': True, 'coolingType': 'Commercial', 'exteriorType': 'Wood', 'fireplace': True, 'floorCount': 1, 'foundationType': 'Other', 'garage': True, 'garageType': 'Attached', 'heating': True, 'heatingType': 'Forced Air', 'roofType': 'Asphalt', 'unitCount': 1}",7841.0
134,3.0,1.0,888.0,"{'cooling': True, 'coolingType': 'Commercial', 'exteriorType': 'Aluminum / Vinyl Siding', 'floorCount': 1, 'garage': True, 'garageType': 'Garage', 'heating': True, 'heatingType': 'Forced Air', 'unitCount': 1}",6534.0
135,3.0,2.0,2778.0,"{'architectureType': 'Split Level', 'cooling': True, 'coolingType': 'Central', 'exteriorType': 'Brick / Stone', 'fireplace': True, 'fireplaceType': 'Prefab', 'foundationType': 'Block', 'heating': True, 'heatingType': 'Central', 'roofType': 'Asphalt', 'unitCount': 1, 'floorCount': 2}",20956.0
136,4.0,6.0,8459.0,"{'cooling': True, 'coolingType': 'Commercial', 'floorCount': 1, 'garage': True, 'garageSpaces': 1, 'garageType': 'Garage', 'heating': True, 'heatingType': 'Central', 'roomCount': 12, 'unitCount': 1}",25986.0
137,3.0,2.0,1185.0,"{'architectureType': 'Condo / Apartment', 'cooling': True, 'coolingType': 'Commercial', 'heating': True, 'heatingType': 'Central', 'unitCount': 1}",384062.0
138,3.0,2.5,1600.0,"{'cooling': True, 'coolingType': 'Central', 'floorCount': 2, 'heating': True, 'heatingType': 'Heat Pump', 'unitCount': 1}",44431.0
139,3.0,2.0,1733.0,"{'architectureType': 'Log Cabin / Rustic', 'cooling': True, 'coolingType': 'Central', 'exteriorType': 'Other', 'fireplace': True, 'floorCount': 1, 'foundationType': 'Raised', 'heating': True, 'heatingType': 'Central', 'roofType': 'Asphalt', 'roomCount': 5, 'unitCount': 1}",45302.0
140,3.0,1.0,1275.0,"{'architectureType': 'Cape Cod', 'cooling': True, 'coolingType': 'Central', 'exteriorType': 'Aluminum / Vinyl Siding', 'floorCount': 2, 'garage': True, 'garageSpaces': 2, 'garageType': 'Detached', 'heating': True, 'heatingType': 'Forced Air', 'roofType': 'Asphalt', 'roomCount': 5, 'unitCount': 1}",9065.0
141,2.0,1.0,1812.0,"{'floorCount': 2, 'heating': True, 'heatingType': 'Central'}",64207.0
142,3.0,3.0,1392.0,"{'architectureType': 'Split Level', 'exteriorType': 'Brick / Stone', 'floorCount': 2, 'garage': True, 'garageSpaces': 1, 'garageType': 'Garage', 'heating': True, 'heatingType': 'Forced Air', 'roofType': 'Composition Shingle', 'roomCount': 5, 'unitCount': 1}",2236.0
143,3.0,3.0,1559.0,"{'architectureType': 'Townhouse', 'cooling': True, 'coolingType': 'Central', 'exteriorType': 'Stucco', 'floorCount': 2, 'garage': True, 'garageSpaces': 2, 'garageType': 'Built-in', 'heating': True, 'heatingType': 'Forced Air', 'roofType': 'Tile', 'roomCount': 6}",6669.0
144,2.0,1.0,672.0,"{'cooling': True, 'coolingType': 'Commercial', 'exteriorType': 'Wood', 'floorCount': 1, 'garage': True, 'garageType': 'Garage', 'roofType': 'Shingle', 'unitCount': 1}",4375.0
145,4.0,2.0,2282.0,"{'architectureType': 'Traditional', 'cooling': True, 'coolingType': 'Central', 'exteriorType': 'Brick Veneer', 'fireplace': True, 'floorCount': 1, 'foundationType': 'Slab / Mat / Raft', 'garage': True, 'garageSpaces': 1, 'garageType': 'Detached', 'heating': True, 'heatingType': 'Central', 'roomCount': 8, 'unitCount': 1}",10768.0
146,4.0,3.0,1558.0,"{'cooling': True, 'coolingType': 'Refrigeration', 'exteriorType': 'Wood', 'floorCount': 2, 'garage': True, 'garageSpaces': 2, 'garageType': 'Garage', 'heating': True, 'heatingType': 'Forced Air', 'roofType': 'Concrete Tile', 'roomCount': 7, 'unitCount': 1}",5331.0
147,3.0,2.0,1696.0,"{'architectureType': 'Old Style', 'cooling': True, 'coolingType': 'Commercial', 'exteriorType': 'Brick / Stone', 'floorCount': 2, 'foundationType': 'Raised', 'garage': True, 'garageType': 'Garage', 'roofType': 'Shingle'}",4032.0
148,3.0,1.0,1408.0,"{'architectureType': 'Ranch', 'exteriorType': 'Aluminum / Vinyl Siding', 'fireplace': True, 'floorCount': 1, 'foundationType': 'Raised', 'garage': True, 'garageSpaces': 2, 'garageType': 'Detached', 'heating': True, 'heatingType': 'Forced Air', 'roofType': 'Composition Shingle', 'roomCount': 6, 'unitCount': 1}",7876.0
149,4.0,4.0,3075.0,"{'cooling': True, 'coolingType': 'Central', 'exteriorType': 'Aluminum / Vinyl Siding', 'fireplace': True, 'fireplaceType': 'Gas Log', 'floorCount': 2, 'garage': True, 'garageType': 'Attached', 'heating': True, 'heatingType': 'Forced Air', 'roofType': 'Composition Shingle', 'roomCount': 9, 'unitCount': 1}",10454.0
150,3.0,2.5,1524.0,"{'architectureType': 'Conventional', 'cooling': True, 'coolingType': 'Central', 'exteriorType': 'Wood', 'fireplace': True, 'fireplaceType': 'Prefab', 'floorCount': 2, 'garage': True, 'garageType': 'Garage', 'heating': True, 'heatingType': 'Forced Air', 'roomCount': 7, 'unitCount': 1}",11587.0
151,2.0,1.5,1360.0,"{'architectureType': 'Condo / Apartment', 'cooling': True, 'coolingType': 'Central', 'exteriorType': 'Brick', 'fireplace': True, 'floorCount': 2, 'foundationType': 'Slab / Mat / Raft', 'heating': True, 'heatingType': 'Central', 'roofType': 'Asphalt', 'roomCount': 4, 'unitCount': 1}",436.0
152,3.0,4.0,4030.0,"{'architectureType': 'Conventional', 'cooling': True, 'coolingType': 'Commercial', 'floorCount': 1, 'garage': True, 'garageSpaces': 1, 'garageType': 'Carport', 'heating': True, 'heatingType': 'Central', 'pool': True, 'roomCount': 9, 'unitCount': 1}",23773.0
153,3.0,2.0,1570.0,"{'cooling': True, 'coolingType': 'Commercial', 'exteriorType': 'Baked Enamel', 'floorCount': 1, 'foundationType': 'Slab / Mat / Raft', 'garage': True, 'garageType': 'Attached', 'heating': True, 'heatingType': 'Forced Air', 'roofType': 'Composition Shingle', 'unitCount': 1}",37109.0
154,3.0,3.0,1874.0,"{'cooling': True, 'coolingType': 'Commercial', 'heating': True, 'heatingType': 'Central', 'unitCount': 1}",7017.0
155,3.0,1.0,912.0,"{'architectureType': 'Condo / Apartment', 'exteriorType': 'Brick', 'floorCount': 2, 'roomCount': 6, 'unitCount': 1, 'viewType': 'Average'}",581.0
156,4.0,2.5,2448.0,Unknown,13173.0
157,2.0,2.0,720.0,"{'exteriorType': 'Other', 'floorCount': 1, 'foundationType': 'Other', 'garage': True, 'garageType': 'Carport', 'roofType': 'Shingle', 'unitCount': 1}",9618.0
158,0.0,1.0,996.0,"{'cooling': True, 'coolingType': 'Window', 'exteriorType': 'Siding', 'floorCount': 1, 'heating': True, 'heatingType': 'Central'}",0.0
159,1.0,1.0,939.0,Unknown,0.0
160,0.0,1.0,0.0,Unknown,0.0
161,2.0,2.0,2249.0,"{'cooling': True, 'coolingType': 'Central', 'fireplace': True, 'floorCount': 1, 'garage': True, 'garageType': 'Attached', 'heating': True, 'heatingType': 'Gas', 'roofType': 'Asphalt', 'roomCount': 6}",6098.0
162,3.0,2.0,1996.0,"{'architectureType': 'Single Story', 'cooling': True, 'coolingType': 'Central', 'exteriorType': 'Stucco', 'fireplace': True, 'floorCount': 1, 'garage': True, 'garageSpaces': 1, 'garageType': 'Attached', 'heating': True, 'heatingType': 'Forced Air', 'roofType': 'Tile', 'roomCount': 6, 'unitCount': 1}",6970.0
163,3.0,2.0,1970.0,"{'garage': True, 'garageType': 'Attached'}",8751.0
164,3.0,2.0,1920.0,"{'architectureType': 'Split Level', 'cooling': True, 'coolingType': 'Commercial', 'exteriorType': 'Wood', 'fireplace': True, 'fireplaceType': 'Masonry', 'floorCount': 3, 'foundationType': 'Raised', 'garage': True, 'garageSpaces': 4, 'garageType': 'Basement', 'heating': True, 'heatingType': 'Heat Pump', 'roofType': 'Composition Shingle', 'roomCount': 6, 'unitCount': 1}",12789.0
165,0.0,2.0,1336.0,"{'cooling': True, 'fireplace': True, 'garage': True, 'heating': True, 'unitCount': 1, 'architectureType': 'Condo / Apartment', 'coolingType': 'Commercial'}",1.0
166,4.0,2.0,1245.0,"{'architectureType': 'Split Foyer', 'cooling': True, 'coolingType': 'Commercial', 'exteriorType': 'Vinyl', 'foundationType': 'Other', 'garage': True, 'garageType': 'Garage', 'heating': True, 'heatingType': 'Forced Air', 'roofType': 'Asphalt', 'roomCount': 7, 'unitCount': 1, 'floorCount': 1}",17424.0
167,0.0,2.0,2496.0,"{'architectureType': 'Colonial', 'cooling': True, 'coolingType': 'Central', 'exteriorType': 'Composition', 'floorCount': 2, 'foundationType': 'Other', 'garage': True, 'garageSpaces': 2, 'garageType': 'Detached', 'heating': True, 'heatingType': 'Central', 'roofType': 'Shingle', 'roomCount': 14, 'unitCount': 2}",9375.0
168,0.0,0.0,0.0,Unknown,30492.0
169,3.0,2.0,1902.0,"{'cooling': True, 'coolingType': 'Central', 'exteriorType': 'Stucco', 'floorCount': 1, 'foundationType': 'Pile', 'garage': True, 'garageType': 'Garage', 'roofType': 'Roll Composition', 'unitCount': 1}",9000.0
170,3.0,2.0,1600.0,"{'architectureType': 'Single Story', 'cooling': True, 'coolingType': 'Central', 'exteriorType': 'Vinyl', 'floorCount': 1, 'garage': True, 'garageType': 'Attached', 'heating': True, 'heatingType': 'Forced Air', 'roofType': 'Asphalt', 'roomCount': 4, 'foundationType': 'Other'}",17424.0
171,3.0,1.0,1264.0,"{'exteriorType': 'Aluminum / Vinyl Siding', 'fireplace': True, 'floorCount': 1, 'foundationType': 'Other', 'garage': True, 'garageSpaces': 1, 'garageType': 'Attached', 'heating': True, 'heatingType': 'Gas', 'roofType': 'Asphalt', 'unitCount': 1}",8996.0
172,3.0,2.5,2075.0,"{'cooling': True, 'coolingType': 'Commercial', 'exteriorType': 'Brick', 'fireplace': True, 'fireplaceType': '2 Story', 'floorCount': 1, 'foundationType': 'Wood', 'garage': True, 'garageType': 'Carport', 'heating': True, 'heatingType': 'Forced Air', 'roofType': 'Shingle', 'roomCount': 8, 'unitCount': 1}",69260.0
173,3.0,2.0,1766.0,"{'exteriorType': 'Stucco', 'floorCount': 1, 'foundationType': 'Slab / Mat / Raft', 'garage': True, 'garageType': 'Attached', 'pool': True, 'roofType': 'Shingle', 'unitCount': 1}",11500.0
174,3.0,2.0,1157.0,"{'cooling': True, 'coolingType': 'Central', 'fireplace': True, 'floorCount': 1, 'foundationType': 'Slab / Mat / Raft', 'garage': True, 'garageSpaces': 2, 'garageType': 'Attached', 'heating': True, 'heatingType': 'Central', 'roofType': 'Wood Shingle', 'roomCount': 5, 'unitCount': 1}",6847.0
175,3.0,2.5,1730.0,"{'cooling': True, 'coolingType': 'Central', 'exteriorType': 'Aluminum / Vinyl Siding', 'fireplace': True, 'floorCount': 2, 'heating': True, 'heatingType': 'Central', 'roomCount': 6, 'unitCount': 1}",0.0
176,0.0,1.0,725.0,"{'architectureType': 'Ranch', 'cooling': True, 'coolingType': 'Commercial', 'floorCount': 1, 'garage': True, 'garageType': 'Garage', 'heating': True, 'heatingType': 'Forced Air', 'unitCount': 1}",5227.0
177,0.0,1.0,700.0,"{'architectureType': 'Mobile Home', 'floorCount': 1}",0.0
178,3.0,2.0,1198.0,"{'architectureType': 'Split Level', 'floorCount': 2, 'garage': True, 'garageType': 'Garage', 'unitCount': 1}",10890.0
179,2.0,1.0,1090.0,"{'cooling': True, 'coolingType': 'Central', 'floorCount': 1, 'garage': True, 'garageSpaces': 1, 'garageType': 'Attached', 'heating': True, 'heatingType': 'Central', 'roomCount': 5, 'unitCount': 1}",5931.0
180,3.0,1.0,1072.0,"{'garage': True, 'garageType': 'Garage'}",9627.0
181,3.0,2.0,1338.0,"{'architectureType': 'Traditional', 'cooling': True, 'coolingType': 'Central', 'exteriorType': 'Brick Veneer', 'fireplace': True, 'fireplaceType': 'Prefab', 'floorCount': 1, 'foundationType': 'Other', 'garage': True, 'garageSpaces': 2, 'garageType': 'Attached', 'heating': True, 'heatingType': 'Central', 'roofType': 'Composition Shingle', 'roomCount': 5, 'unitCount': 1}",43560.0
182,0.0,1.5,1942.0,"{'architectureType': 'Cape Cod', 'cooling': True, 'coolingType': 'Central', 'exteriorType': 'Aluminum / Vinyl Siding', 'fireplace': True, 'floorCount': 1, 'foundationType': 'Other', 'garage': True, 'garageType': 'Garage', 'heating': True, 'heatingType': 'Central', 'roofType': 'Shingle', 'roomCount': 6, 'unitCount': 1}",10977.0
183,4.0,2.5,2818.0,"{'cooling': True, 'coolingType': 'Commercial', 'exteriorType': 'Stone', 'fireplace': True, 'floorCount': 2, 'garage': True, 'garageType': 'Attached', 'heating': True, 'heatingType': 'Forced Air', 'roomCount': 8, 'garageSpaces': 2}",7588.0
184,4.0,2.0,2664.0,"{'architectureType': 'Split Level', 'cooling': True, 'coolingType': 'Central', 'exteriorType': 'Brick / Stone', 'fireplace': True, 'floorCount': 2, 'garage': True, 'garageSpaces': 2, 'garageType': 'Attached', 'roofType': 'Shingle', 'unitCount': 1}",10967.0
185,6.0,3.5,2050.0,"{'architectureType': 'Two Family', 'exteriorType': 'Aluminum / Vinyl Siding', 'floorCount': 3, 'heating': True, 'heatingType': 'Hot Water', 'roofType': 'Asphalt', 'roomCount': 11, 'unitCount': 2}",1899.0
186,3.0,2.5,1634.0,{'unitCount': 1},8843.0
187,2.0,3.0,1627.0,"{'cooling': True, 'coolingType': 'Refrigeration', 'exteriorType': 'Wood', 'floorCount': 1, 'garage': True, 'garageSpaces': 2, 'garageType': 'Garage', 'heating': True, 'heatingType': 'Forced Air', 'roomCount': 6, 'unitCount': 1}",7865.0
188,2.0,2.0,1584.0,"{'cooling': True, 'coolingType': 'Commercial', 'exteriorType': 'Other', 'floorCount': 1, 'foundationType': 'Other', 'garage': True, 'garageType': 'Attached', 'heating': True, 'heatingType': 'Central', 'roofType': 'Tile'}",5227.0
189,3.0,2.5,3524.0,"{'cooling': True, 'coolingType': 'Central', 'fireplace': True, 'floorCount': 1, 'foundationType': 'Raised', 'garage': True, 'garageType': 'Attached', 'heating': True, 'heatingType': 'Central', 'roofType': 'Asphalt', 'roomCount': 11}",38080.0
190,2.0,2.0,793.0,Unknown,0.0
191,3.0,2.0,1899.0,"{'cooling': True, 'coolingType': 'Central', 'exteriorType': 'Aluminum / Vinyl Siding', 'floorCount': 1, 'heating': True, 'heatingType': 'Forced Air', 'roofType': 'Composition Shingle', 'unitCount': 1}",25700.0
192,3.0,2.0,1380.0,Unknown,54450.0
193,2.0,1.0,0.0,Unknown,0.0
194,5.0,3.0,3133.0,"{'cooling': True, 'coolingType': 'Central', 'exteriorType': 'Stucco', 'fireplace': True, 'floorCount': 2, 'garage': True, 'garageSpaces': 2, 'garageType': 'Built-in', 'heating': True, 'heatingType': 'Forced Air', 'roofType': 'Tile', 'roomCount': 8, 'unitCount': 1}",6098.0
195,3.0,2.5,1172.0,"{'architectureType': 'Bi-Level', 'cooling': True, 'coolingType': 'Central', 'exteriorType': 'Aluminum / Vinyl Siding', 'floorCount': 1, 'garage': True, 'garageSpaces': 2, 'garageType': 'Basement', 'heating': True, 'heatingType': 'Gas', 'roomCount': 6, 'unitCount': 1}",9627.0
196,3.0,2.0,992.0,"{'architectureType': 'Condo / Apartment', 'exteriorType': 'Other', 'floorCount': 1, 'foundationType': 'Other', 'pool': True, 'poolType': 'Pool and Hot Tub / Spa', 'roofType': 'Built-up (Layered Asphalt)', 'roomCount': 5, 'unitCount': 1}",0.0
197,4.0,2.5,1842.0,"{'exteriorType': 'Stucco', 'floorCount': 2, 'garage': True, 'garageSpaces': 2, 'garageType': 'Garage', 'unitCount': 1}",7475.0
198,3.0,1.0,1465.0,"{'cooling': True, 'coolingType': 'Refrigeration', 'fireplace': True, 'floorCount': 1, 'garage': True, 'garageSpaces': 2, 'garageType': 'Garage', 'heating': True, 'heatingType': 'Central', 'roofType': 'Shake', 'unitCount': 1}",6825.0
199,0.0,0.0,0.0,{'unitCount': 1},1.0
200,4.0,2.0,1274.0,"{'cooling': True, 'coolingType': 'Central', 'exteriorType': 'Brick Veneer', 'floorCount': 1, 'foundationType': 'Slab / Mat / Raft', 'garage': True, 'garageType': 'Garage', 'heating': True, 'heatingType': 'Central', 'roofType': 'Composition Shingle', 'unitCount': 1}",6800.0
201,2.0,2.0,1300.0,"{'floorCount': 1, 'garage': True, 'garageType': 'Attached', 'unitCount': 1}",8400.0
202,3.0,3.5,2557.0,Unknown,47916.0
203,4.0,2.5,2276.0,"{'exteriorType': 'Combination', 'fireplace': True, 'fireplaceType': 'Single', 'floorCount': 2, 'foundationType': 'Other', 'garage': True, 'garageSpaces': 2, 'garageType': 'Built-in', 'heating': True, 'heatingType': 'Forced Air', 'roofType': 'Composition Shingle'}",12632.0
204,0.0,2.0,1144.0,"{'architectureType': 'Split Foyer', 'cooling': True, 'coolingType': 'Commercial', 'exteriorType': 'Siding', 'fireplace': True, 'fireplaceType': '2 Story Brick Chimney', 'floorCount': 1, 'garage': True, 'garageType': 'Garage', 'heating': True, 'heatingType': 'Forced Air', 'roofType': 'Composition Shingle', 'unitCount': 1}",109336.0
205,3.0,2.5,1512.0,"{'architectureType': 'Colonial', 'cooling': True, 'coolingType': 'Central', 'exteriorType': 'Wood', 'floorCount': 2, 'heating': True, 'heatingType': 'Central', 'roomCount': 8, 'unitCount': 1}",8858.0
206,3.0,1.5,1199.0,"{'architectureType': 'Ranch', 'cooling': True, 'coolingType': 'Commercial', 'exteriorType': 'Brick', 'floorCount': 1, 'foundationType': 'Raised', 'garage': True, 'garageSpaces': 2, 'garageType': 'Detached', 'heating': True, 'heatingType': 'Forced Air', 'roomCount': 6}",14418.0
207,0.0,1.0,821.0,"{'floorCount': 1, 'garage': True, 'garageType': 'Garage', 'heating': True, 'heatingType': 'Forced Air'}",7231.0
208,4.0,2.5,3945.0,"{'architectureType': 'Split Level', 'cooling': True, 'coolingType': 'Central', 'exteriorType': 'Brick / Stone', 'fireplace': True, 'floorCount': 2, 'garage': True, 'garageSpaces': 2, 'garageType': 'Attached', 'heating': True, 'heatingType': 'Central', 'roomCount': 9, 'unitCount': 1}",24600.0
209,3.0,2.0,988.0,"{'cooling': True, 'coolingType': 'Central', 'exteriorType': 'Stucco', 'floorCount': 1, 'garage': True, 'garageSpaces': 1, 'garageType': 'Garage', 'heating': True, 'heatingType': 'Forced Air', 'roofType': 'Composition Shingle', 'unitCount': 1}",8244.0
210,3.0,2.0,1590.0,"{'architectureType': 'Traditional', 'exteriorType': 'Composition', 'floorCount': 2, 'garage': True, 'garageType': 'Mixed', 'heating': True, 'heatingType': 'Hot Water', 'unitCount': 2}",4896.0
211,3.0,2.0,1416.0,"{'architectureType': 'Single Story', 'cooling': True, 'coolingType': 'Central', 'exteriorType': 'Stucco', 'floorCount': 1, 'garage': True, 'garageSpaces': 1, 'garageType': 'Attached', 'heating': True, 'heatingType': 'Forced Air', 'roofType': 'Composition Shingle', 'roomCount': 6, 'unitCount': 1}",6970.0
212,3.0,1.5,1092.0,"{'architectureType': 'Ranch', 'cooling': True, 'coolingType': 'Central', 'exteriorType': 'Aluminum / Vinyl Siding', 'floorCount': 1, 'garage': True, 'garageType': 'Garage', 'heating': True, 'heatingType': 'Central', 'roomCount': 6, 'unitCount': 1}",23000.0
213,3.0,1.0,1176.0,"{'exteriorType': 'Other', 'floorCount': 1, 'foundationType': 'Other', 'roofType': 'Shingle', 'unitCount': 1}",7153.0
214,3.0,2.0,1536.0,"{'architectureType': 'Colonial', 'floorCount': 1, 'garage': True, 'garageSpaces': 2, 'garageType': 'Attached', 'heating': True, 'heatingType': 'Central', 'roofType': 'Composition Shingle', 'roomCount': 5, 'unitCount': 1}",4200.0
215,4.0,2.5,3442.0,"{'exteriorType': 'Other', 'fireplace': True, 'floorCount': 2, 'foundationType': 'Raised', 'garage': True, 'garageSpaces': 2, 'garageType': 'Attached', 'heating': True, 'heatingType': 'Forced Air', 'roofType': 'Composition Shingle', 'roomCount': 6, 'unitCount': 1}",11761.0
216,3.0,2.0,2063.0,"{'cooling': True, 'coolingType': 'Commercial', 'fireplace': True, 'floorCount': 2, 'foundationType': 'Slab / Mat / Raft', 'garage': True, 'garageType': 'Attached', 'heating': True, 'heatingType': 'Central', 'roofType': 'Tile', 'unitCount': 1}",5776.0
217,3.0,1.5,1290.0,"{'garage': True, 'garageSpaces': 1, 'garageType': 'Garage', 'unitCount': 1}",11901.0
218,2.0,2.0,1105.0,Unknown,0.0
219,4.0,2.0,2569.0,"{'cooling': True, 'coolingType': 'Refrigeration', 'exteriorType': 'Wood', 'floorCount': 1, 'garage': True, 'garageSpaces': 3, 'garageType': 'Garage', 'heating': True, 'heatingType': 'Forced Air', 'roofType': 'Other', 'roomCount': 8, 'unitCount': 1}",10005.0
220,0.0,1.0,1377.0,"{'cooling': True, 'coolingType': 'Central', 'exteriorType': 'Wood', 'floorCount': 1, 'foundationType': 'Slab / Mat / Raft', 'heating': True, 'heatingType': 'Electric', 'roofType': 'Composition Shingle'}",24250.0
221,3.0,2.0,1262.0,"{'cooling': True, 'coolingType': 'Commercial', 'exteriorType': 'Vinyl', 'floorCount': 1, 'heating': True, 'heatingType': 'Central', 'roofType': 'Composition Shingle', 'roomCount': 8}",6351.0
222,3.0,1.5,2200.0,Unknown,0.0
223,4.0,2.5,1958.0,"{'architectureType': 'Traditional', 'cooling': True, 'coolingType': 'Commercial', 'exteriorType': 'Aluminum / Vinyl Siding', 'fireplace': True, 'fireplaceType': 'Prefab', 'floorCount': 2, 'foundationType': 'Masonry', 'garage': True, 'garageSpaces': 1, 'garageType': 'Garage', 'heating': True, 'heatingType': 'Heat Pump', 'roofType': 'Composition Shingle', 'roomCount': 7, 'unitCount': 1}",14244.0
224,2.0,1.0,1209.0,"{'architectureType': 'Bungalow', 'cooling': True, 'coolingType': 'Commercial', 'exteriorType': 'Aluminum / Vinyl Siding', 'floorCount': 1, 'foundationType': 'Block', 'garage': True, 'garageType': 'Detached', 'heating': True, 'heatingType': 'Forced Air', 'roofType': 'Composition Shingle', 'roomCount': 4, 'unitCount': 1}",10000.0
225,3.0,2.5,1388.0,"{'architectureType': 'Traditional', 'cooling': True, 'coolingType': 'Central', 'exteriorType': 'Masonite', 'fireplace': True, 'floorCount': 1, 'foundationType': 'Other', 'heating': True, 'heatingType': 'Vent', 'roofType': 'Composition Shingle', 'unitCount': 1}",11761.0
226,3.0,2.0,1491.0,"{'cooling': True, 'coolingType': 'Central', 'exteriorType': 'Concrete Block', 'floorCount': 1, 'garage': True, 'garageSpaces': 3, 'garageType': 'Garage', 'heating': True, 'heatingType': 'Forced Air', 'roofType': 'Composition Shingle', 'unitCount': 1}",14665.0
227,3.0,2.0,1380.0,"{'cooling': True, 'coolingType': 'Central', 'exteriorType': 'Concrete Block', 'floorCount': 1, 'foundationType': 'Slab / Mat / Raft', 'garage': True, 'garageSpaces': 2, 'garageType': 'Attached', 'heating': True, 'heatingType': 'Central', 'roomCount': 6, 'unitCount': 1}",5724.0
228,4.0,2.0,2112.0,"{'architectureType': 'Traditional', 'cooling': True, 'coolingType': 'Central', 'exteriorType': 'Aluminum / Vinyl Siding', 'floorCount': 2, 'garage': True, 'garageType': 'Detached', 'heating': True, 'heatingType': 'Central', 'unitCount': 1}",9164.0
229,3.0,2.0,1370.0,"{'cooling': True, 'coolingType': 'Central', 'exteriorType': 'Siding', 'heating': True, 'heatingType': 'Central'}",12249.0
230,3.0,2.0,1372.0,"{'cooling': True, 'coolingType': 'Central', 'exteriorType': 'Brick Veneer', 'fireplace': True, 'fireplaceType': 'Single', 'floorCount': 1, 'foundationType': 'Footing', 'garage': True, 'garageSpaces': 2, 'garageType': 'Carport', 'heating': True, 'heatingType': 'Forced Air', 'roofType': 'Asphalt', 'unitCount': 1}",17064.0
231,0.0,2.0,0.0,Unknown,4295.0
232,5.0,1.0,1560.0,"{'architectureType': 'Two Family', 'cooling': True, 'coolingType': 'Commercial', 'exteriorType': 'Brick / Stone', 'floorCount': 2, 'garage': True, 'garageSpaces': 1, 'garageType': 'Detached', 'roofType': 'Shingle', 'unitCount': 2}",3125.0
233,0.0,0.0,0.0,"{'architectureType': 'Condo / Apartment', 'unitCount': 1}",744440.0
234,3.0,2.5,1892.0,"{'cooling': True, 'coolingType': 'Commercial', 'exteriorType': 'Stucco', 'fireplace': True, 'floorCount': 1, 'foundationType': 'Slab / Mat / Raft', 'garage': True, 'garageType': 'Attached', 'heating': True, 'heatingType': 'Forced Air', 'roofType': 'Composition Shingle', 'unitCount': 1}",13000.0
235,4.0,3.5,2943.0,"{'cooling': True, 'coolingType': 'Central', 'exteriorType': 'Other', 'fireplace': True, 'fireplaceType': 'Prefab', 'floorCount': 2, 'foundationType': 'Raised', 'heating': True, 'heatingType': 'Heat Pump', 'roofType': 'Shingle', 'unitCount': 1}",15246.0
236,4.0,2.0,1930.0,"{'exteriorType': 'Vinyl', 'fireplace': True, 'floorCount': 2, 'garage': True, 'garageType': 'Garage', 'roomCount': 7}",0.0
237,4.0,2.0,2145.0,"{'cooling': True, 'coolingType': 'Commercial', 'exteriorType': 'Brick', 'fireplace': True, 'floorCount': 1, 'foundationType': 'Slab / Mat / Raft', 'garage': True, 'garageType': 'Attached', 'heating': True, 'heatingType': 'Central', 'roofType': 'Composition Shingle', 'roomCount': 8, 'unitCount': 1}",13774.0
238,3.0,2.0,1058.0,"{'architectureType': 'Ranch', 'cooling': True, 'coolingType': 'Central', 'exteriorType': 'Stucco', 'fireplace': True, 'floorCount': 1, 'garage': True, 'garageSpaces': 2, 'garageType': 'Attached', 'heating': True, 'heatingType': 'Central', 'roofType': 'Wood Shake / Shingle', 'roomCount': 6, 'unitCount': 1}",3360.0
239,3.0,3.0,1824.0,"{'architectureType': 'Condo / Apartment', 'cooling': True, 'coolingType': 'Commercial', 'heating': True, 'heatingType': 'Central', 'unitCount': 1}",188991.0
240,3.0,2.0,1596.0,"{'cooling': True, 'coolingType': 'Commercial', 'fireplace': True, 'floorCount': 1, 'garage': True, 'garageType': 'Attached', 'heating': True, 'heatingType': 'Solar', 'unitCount': 1}",8712.0
241,3.0,3.0,1935.0,"{'cooling': True, 'coolingType': 'Central', 'heating': True, 'heatingType': 'Forced Air'}",3920.0
242,5.0,2.0,1721.0,"{'cooling': True, 'coolingType': 'Commercial', 'exteriorType': 'Stucco', 'floorCount': 1, 'foundationType': 'Slab / Mat / Raft', 'garage': True, 'garageType': 'Carport', 'heating': True, 'heatingType': 'Forced Air', 'roofType': 'Asphalt', 'roomCount': 5, 'unitCount': 1}",9147.0
243,0.0,0.0,2468.0,{'unitCount': 3},1009.0
244,3.0,2.0,1628.0,"{'cooling': True, 'coolingType': 'Commercial', 'exteriorType': 'Stucco', 'floorCount': 1, 'garage': True, 'garageType': 'Garage', 'heating': True, 'heatingType': 'Forced Air', 'roofType': 'Composition Shingle', 'unitCount': 1}",7645.0
245,3.0,3.0,3293.0,"{'architectureType': 'Condo / Apartment', 'garage': True, 'garageType': 'Garage', 'pool': True, 'poolType': 'Pool and Hot Tub / Spa', 'unitCount': 1}",43560.0
246,2.0,2.0,1261.0,"{'architectureType': 'Condo / Apartment', 'exteriorType': 'Stucco', 'foundationType': 'Slab / Mat / Raft', 'pool': True, 'poolType': 'Community Pool', 'roofType': 'Shingle'}",0.0
247,4.0,2.5,2255.0,"{'architectureType': '2+ Story', 'cooling': True, 'coolingType': 'Central', 'exteriorType': 'Stucco', 'fireplace': True, 'floorCount': 2, 'garage': True, 'garageType': 'Built-in', 'heating': True, 'heatingType': 'Forced Air', 'roofType': 'Tile', 'roomCount': 7, 'unitCount': 1}",5663.0
248,3.0,1.0,1344.0,Unknown,40511.0
249,0.0,3.5,2286.0,"{'exteriorType': 'Wood', 'floorCount': 3, 'heating': True, 'heatingType': 'Central', 'roofType': 'Asphalt'}",43560.0
250,3.0,3.5,3224.0,"{'exteriorType': 'Brick Veneer', 'floorCount': 1, 'foundationType': 'Slab', 'roomCount': 9, 'unitCount': 1}",78844.0
251,0.0,0.0,0.0,Unknown,3796.0
252,3.0,3.5,2373.0,"{'cooling': True, 'coolingType': 'Central', 'exteriorType': 'Stucco', 'fireplace': True, 'fireplaceType': 'Single', 'floorCount': 2, 'foundationType': 'Raised', 'garage': True, 'garageType': 'Garage', 'heating': True, 'heatingType': 'Forced Air', 'roofType': 'Asphalt', 'unitCount': 1}",16469.0
253,3.0,1.5,1616.0,"{'exteriorType': 'Aluminum / Vinyl Siding', 'floorCount': 2, 'garage': True, 'garageType': 'Attached', 'heating': True, 'heatingType': 'Baseboard', 'roomCount': 7, 'unitCount': 1}",9000.0
254,4.0,3.0,2024.0,"{'architectureType': 'Split Level', 'cooling': True, 'coolingType': 'Commercial', 'exteriorType': 'Siding', 'fireplace': True, 'floorCount': 2, 'garage': True, 'garageSpaces': 2, 'garageType': 'Built-in', 'heating': True, 'heatingType': 'Heat Pump', 'roofType': 'Composition Shingle', 'unitCount': 1}",7150.0
255,3.0,2.0,2093.0,"{'floorCount': 2, 'garage': True, 'garageType': 'Garage', 'roomCount': 7, 'unitCount': 1}",7050.0
256,0.0,2.0,1344.0,"{'floorCount': 2, 'foundationType': 'Block', 'heating': True, 'heatingType': 'Forced Air', 'roofType': 'Composition Shingle', 'unitCount': 1}",1620.0
257,3.0,1.0,1366.0,"{'architectureType': 'Bungalow', 'cooling': True, 'coolingType': 'Commercial', 'exteriorType': 'Brick / Stone', 'floorCount': 1, 'foundationType': 'Slab / Mat / Raft', 'garage': True, 'garageSpaces': 1, 'garageType': 'Detached', 'roofType': 'Shingle', 'unitCount': 1}",4375.0
258,3.0,2.0,2007.0,"{'garage': True, 'garageType': 'Garage', 'roomCount': 7, 'unitCount': 1}",9000.0
259,2.0,1.0,735.0,"{'exteriorType': 'Siding', 'heating': True, 'heatingType': 'Forced Air', 'roomCount': 5}",4356.0
260,0.0,2.0,1164.0,"{'cooling': True, 'coolingType': 'Commercial', 'fireplace': True, 'floorCount': 1, 'garage': True, 'garageType': 'Attached', 'heating': True, 'heatingType': 'Central', 'unitCount': 1}",16558.0
261,2.0,2.0,2088.0,Unknown,307534.0
262,9.0,3.0,4713.0,"{'architectureType': 'Two Family', 'cooling': True, 'coolingType': 'Commercial', 'exteriorType': 'Masonry', 'floorCount': 3, 'garage': True, 'garageSpaces': 2, 'garageType': 'Detached Garage', 'roofType': 'Tar & Gravel', 'unitCount': 3}",3125.0
263,0.0,2.0,1612.0,"{'architectureType': 'Ranch', 'cooling': True, 'coolingType': 'Central', 'exteriorType': 'Brick Veneer', 'fireplace': True, 'fireplaceType': 'Single', 'floorCount': 1, 'foundationType': 'Slab / Mat / Raft', 'garage': True, 'garageType': 'Detached', 'heating': True, 'heatingType': 'Central', 'roofType': 'Composition Shingle', 'unitCount': 1}",55626.0
264,0.0,0.0,2128.0,"{'architectureType': 'Custom', 'garage': True, 'garageType': 'Garage'}",6764.0
265,3.0,2.5,2152.0,"{'cooling': True, 'coolingType': 'Central', 'exteriorType': 'Aluminum / Vinyl Siding', 'floorCount': 2, 'foundationType': 'Slab / Mat / Raft', 'garage': True, 'garageType': 'Attached', 'heating': True, 'heatingType': 'Central', 'roofType': 'Asphalt', 'unitCount': 1}",4282.0
266,2.0,2.0,1900.0,"{'architectureType': 'Contemporary', 'cooling': True, 'coolingType': 'Central', 'exteriorType': 'Brick / Stone', 'floorCount': 1, 'heating': True, 'heatingType': 'Central', 'roomCount': 7}",1900.0
267,0.0,0.0,1240.0,{'floorCount': 1},10149.0
268,2.0,1.0,678.0,"{'heating': True, 'heatingType': 'Forced Air', 'unitCount': 1}",7405.0
269,1.0,1.0,768.0,"{'cooling': True, 'coolingType': 'Central', 'exteriorType': 'Wood', 'floorCount': 1, 'heating': True, 'heatingType': 'Forced Air', 'roomCount': 3, 'unitCount': 1}",767.0
270,0.0,2.0,1092.0,"{'cooling': True, 'coolingType': 'Refrigeration', 'exteriorType': 'Brick', 'floorCount': 1, 'garage': True, 'garageSpaces': 1, 'garageType': 'Carport', 'heating': True, 'heatingType': 'Forced Air', 'roofType': 'Built-up (Layered Asphalt)', 'roomCount': 6, 'unitCount': 1}",8500.0
271,4.0,2.0,1801.0,{'floorCount': 1},7275.0
272,2.0,1.0,930.0,Unknown,0.0
273,3.0,2.5,2071.0,"{'architectureType': 'Cape Cod', 'cooling': True, 'coolingType': 'Central', 'exteriorType': 'Aluminum / Vinyl Siding', 'fireplace': True, 'floorCount': 1, 'garage': True, 'garageSpaces': 2, 'garageType': 'Garage', 'heating': True, 'heatingType': 'Forced Air', 'roomCount': 7, 'unitCount': 1, 'foundationType': 'Raised'}",10019.0
274,2.0,2.0,1241.0,"{'floorCount': 2, 'garage': True, 'garageSpaces': 2, 'garageType': 'Garage', 'roomCount': 5, 'unitCount': 1}",3812.0
275,3.0,2.5,1473.0,"{'garage': True, 'garageType': 'Garage'}",1307.0
276,2.0,2.0,1444.0,"{'cooling': True, 'coolingType': 'Central', 'exteriorType': 'Stucco', 'floorCount': 2, 'foundationType': 'Slab / Mat / Raft', 'roofType': 'Composition Shingle', 'unitCount': 1}",1013.0
277,3.0,2.0,2392.0,"{'architectureType': 'Conventional', 'cooling': True, 'coolingType': 'Central', 'exteriorType': 'Aluminum / Vinyl Siding', 'fireplace': True, 'floorCount': 2, 'foundationType': 'Raised', 'garage': True, 'garageType': 'Garage', 'heating': True, 'heatingType': 'Central', 'unitCount': 1}",7405.0
278,2.0,2.0,1071.0,"{'architectureType': 'Condo / Apartment', 'unitCount': 1}",0.0
279,2.0,1.0,0.0,Unknown,2100.0
280,2.0,1.0,1007.0,"{'architectureType': 'Ranch / Rambler', 'cooling': True, 'coolingType': 'Central', 'exteriorType': 'Brick', 'floorCount': 1, 'foundationType': 'Crawl / Raised', 'heating': True, 'heatingType': 'Heat Pump', 'roofType': 'Composition Shingle', 'roomCount': 6, 'unitCount': 1}",13500.0
281,2.0,2.0,1619.0,"{'architectureType': 'Condo / Apartment', 'cooling': True, 'coolingType': 'Commercial', 'heating': True, 'heatingType': 'Central', 'unitCount': 1}",130965.0
282,5.0,4.0,3135.0,"{'cooling': True, 'coolingType': 'Commercial', 'fireplace': True, 'floorCount': 2, 'garage': True, 'garageType': 'Garage', 'heating': True, 'heatingType': 'Forced Air', 'roomCount': 9, 'unitCount': 1}",6960.0
283,4.0,4.0,2855.0,"{'cooling': True, 'coolingType': 'Central', 'exteriorType': 'Wood', 'fireplace': True, 'fireplaceType': 'Gas Log', 'floorCount': 2, 'foundationType': 'Block', 'garage': True, 'garageType': 'Built-in', 'heating': True, 'heatingType': 'Central', 'roofType': 'Composition Shingle', 'roomCount': 8, 'unitCount': 1}",10625.0
284,4.0,2.5,2309.0,"{'architectureType': 'Colonial', 'cooling': True, 'coolingType': 'Central', 'fireplace': True, 'floorCount': 2, 'garage': True, 'garageType': 'Attached', 'heating': True, 'heatingType': 'Forced Air', 'roofType': 'Asphalt', 'roomCount': 8, 'unitCount': 1}",14375.0
285,3.0,1.0,1094.0,"{'floorCount': 1, 'garage': True, 'garageType': 'Garage', 'roomCount': 5, 'unitCount': 1}",6936.0
286,3.0,3.0,2585.0,"{'architectureType': 'Ranch', 'cooling': True, 'coolingType': 'Commercial', 'exteriorType': 'Brick', 'fireplace': True, 'floorCount': 1, 'heating': True, 'pool': True, 'roomCount': 8, 'unitCount': 1}",43560.0
287,3.0,2.0,1060.0,"{'cooling': True, 'coolingType': 'Central', 'exteriorType': 'Wood', 'fireplace': True, 'floorCount': 1, 'foundationType': 'Block', 'garage': True, 'garageSpaces': 1, 'garageType': 'Basement', 'heating': True, 'heatingType': 'Central', 'roofType': 'Composition Shingle', 'roomCount': 5, 'unitCount': 1}",8896.0
288,0.0,0.0,0.0,"{'heating': True, 'heatingType': 'Forced Air'}",0.0
289,3.0,2.5,1782.0,"{'architectureType': 'Cape Cod', 'garage': True, 'garageType': 'Garage', 'unitCount': 1}",11357.0
290,3.0,2.0,936.0,"{'cooling': True, 'coolingType': 'Central', 'exteriorType': 'Siding', 'floorCount': 1, 'garage': True, 'garageType': 'Detached', 'heating': True, 'heatingType': 'Forced Air', 'roofType': 'Composition Shingle', 'roomCount': 5, 'unitCount': 1}",22259.0
291,0.0,1.0,1216.0,"{'cooling': True, 'coolingType': 'Central', 'exteriorType': 'Concrete Block', 'floorCount': 1, 'garage': True, 'garageSpaces': 1, 'garageType': 'Attached', 'heating': True, 'heatingType': 'Forced Air', 'roofType': 'Composition Shingle', 'unitCount': 1, 'viewType': 'Water'}",5100.0
292,3.0,2.0,1518.0,"{'floorCount': 2, 'garage': True, 'garageType': 'Garage', 'roomCount': 8, 'unitCount': 1}",5000.0
293,2.0,1.0,672.0,"{'architectureType': 'Contemporary', 'exteriorType': 'Siding', 'floorCount': 1, 'foundationType': 'Pier / Post & Beam', 'garage': True, 'garageType': 'Detached', 'heating': True, 'heatingType': 'Floor / Wall', 'roofType': 'Roll Composition', 'roomCount': 4, 'unitCount': 1}",5550.0
294,3.0,3.0,2035.0,"{'cooling': True, 'coolingType': 'Wall', 'exteriorType': 'Combination', 'fireplace': True, 'fireplaceType': 'Gas Log', 'foundationType': 'Footing', 'garage': True, 'garageSpaces': 2, 'garageType': 'Garage', 'heating': True, 'roofType': 'Composition Shingle'}",4792.0
295,4.0,3.0,3211.0,"{'architectureType': 'Contemporary', 'cooling': True, 'coolingType': 'Commercial', 'exteriorType': 'Wood Shingle', 'fireplace': True, 'floorCount': 2, 'garage': True, 'garageSpaces': 2, 'garageType': 'Attached', 'heating': True, 'heatingType': 'Forced Air', 'pool': True, 'roomCount': 8, 'unitCount': 1}",21780.0
296,3.0,1.0,960.0,"{'cooling': True, 'coolingType': 'Commercial', 'exteriorType': 'Wood', 'floorCount': 1, 'garage': True, 'garageType': 'Detached', 'roofType': 'Shingle', 'unitCount': 1}",7920.0
297,4.0,1.0,1150.0,"{'cooling': True, 'coolingType': 'Central', 'exteriorType': 'Wood', 'floorCount': 1, 'foundationType': 'Slab / Mat / Raft', 'garage': True, 'garageSpaces': 1, 'garageType': 'Attached', 'heating': True, 'heatingType': 'Central', 'roofType': 'Composition Shingle', 'unitCount': 1}",7200.0
298,3.0,2.0,1100.0,Unknown,0.0
299,2.0,1.5,1205.0,"{'fireplace': True, 'fireplaceType': 'Masonry', 'floorCount': 1, 'garage': True, 'garageType': 'Detached', 'heating': True, 'heatingType': 'Central', 'roofType': 'Asphalt', 'roomCount': 6, 'unitCount': 1}",6882.0
300,2.0,1.0,1142.0,"{'architectureType': 'Bungalow', 'cooling': True, 'coolingType': 'Central', 'exteriorType': 'Aluminum / Vinyl Siding', 'floorCount': 1, 'heating': True, 'heatingType': 'Forced Air', 'roomCount': 6, 'unitCount': 1, 'foundationType': 'Raised'}",6299.0
301,4.0,3.0,2368.0,"{'cooling': True, 'coolingType': 'Central', 'exteriorType': 'Brick Veneer', 'fireplace': True, 'floorCount': 1, 'foundationType': 'Slab / Mat / Raft', 'garage': True, 'garageSpaces': 2, 'garageType': 'Carport', 'heating': True, 'heatingType': 'Central', 'roofType': 'Composition Shingle', 'unitCount': 1}",7605.0
302,3.0,1.0,1512.0,"{'cooling': True, 'coolingType': 'Commercial', 'exteriorType': 'Wood', 'floorCount': 1, 'garage': True, 'garageType': 'Detached', 'heating': True, 'heatingType': 'Forced Air', 'roofType': 'Metal', 'unitCount': 1}",30777.0
303,3.0,2.0,1300.0,"{'architectureType': 'Condo / Apartment', 'cooling': True, 'coolingType': 'Central', 'exteriorType': 'Wood', 'fireplace': True, 'floorCount': 1, 'foundationType': 'Slab / Mat / Raft', 'heating': True, 'heatingType': 'Central', 'roofType': 'Asphalt', 'roomCount': 5}",285754.0
304,4.0,2.0,2597.0,"{'architectureType': 'Conventional', 'cooling': True, 'coolingType': 'Central', 'exteriorType': 'Brick Veneer', 'fireplace': True, 'fireplaceType': 'Single', 'floorCount': 2, 'foundationType': 'Slab / Mat / Raft', 'garage': True, 'garageType': 'Attached', 'heating': True, 'heatingType': 'Central', 'roofType': 'Composition Shingle', 'unitCount': 1}",7505.0
305,0.0,1.0,960.0,"{'architectureType': 'Ranch', 'cooling': True, 'coolingType': 'Central', 'exteriorType': 'Siding', 'floorCount': 1, 'foundationType': 'Other', 'garage': True, 'garageType': 'Attached', 'heating': True, 'heatingType': 'Central', 'roofType': 'Composition Shingle', 'unitCount': 1}",9017.0
306,3.0,2.0,1566.0,"{'cooling': True, 'coolingType': 'Commercial', 'exteriorType': 'Stucco', 'floorCount': 1, 'foundationType': 'Slab / Mat / Raft', 'garage': True, 'garageType': 'Attached', 'heating': True, 'heatingType': 'Forced Air', 'roofType': 'Fiberglass', 'roomCount': 6, 'unitCount': 1}",13750.0
307,4.0,3.0,1161.0,"{'architectureType': 'Split Level', 'cooling': True, 'coolingType': 'Central', 'exteriorType': 'Brick', 'fireplace': True, 'floorCount': 1, 'garage': True, 'garageType': 'Attached', 'heating': True, 'heatingType': 'Central', 'roofType': 'Shingle', 'roomCount': 9}",10293.0
308,5.0,2.0,2925.0,"{'exteriorType': 'Aluminum / Vinyl Siding', 'fireplace': True, 'floorCount': 1, 'heating': True, 'heatingType': 'Hot Water', 'roofType': 'Asphalt', 'roomCount': 6, 'unitCount': 2}",10054.0
309,0.0,0.0,0.0,{'floorCount': 1},1500.0
310,4.0,2.0,2159.0,"{'cooling': True, 'coolingType': 'Central', 'exteriorType': 'Brick Veneer', 'fireplace': True, 'floorCount': 1, 'foundationType': 'Pier / Post & Beam', 'garage': True, 'garageSpaces': 1, 'garageType': 'Mixed', 'heating': True, 'heatingType': 'Central', 'pool': True, 'roofType': 'Composition Shingle', 'unitCount': 1}",11200.0
311,2.0,1.0,1008.0,"{'cooling': True, 'coolingType': 'Central', 'exteriorType': 'Wood', 'fireplace': True, 'floorCount': 1, 'foundationType': 'Slab / Mat / Raft', 'heating': True, 'heatingType': 'Central', 'roofType': 'Composition Shingle', 'unitCount': 1}",3960.0
312,3.0,2.0,1768.0,"{'cooling': True, 'coolingType': 'Central', 'exteriorType': 'Brick Veneer', 'floorCount': 1, 'foundationType': 'Slab / Mat / Raft', 'garage': True, 'garageSpaces': 2, 'garageType': 'Garage', 'heating': True, 'heatingType': 'Forced Air', 'roofType': 'Shingle', 'unitCount': 1}",11601.0
313,3.0,1.0,1060.0,"{'architectureType': 'Condo / Apartment', 'exteriorType': 'Aluminum / Vinyl Siding', 'floorCount': 2, 'heating': True, 'roomCount': 6, 'unitCount': 1, 'viewType': 'Average'}",735.0
314,4.0,2.0,2026.0,Unknown,16117.0
315,3.0,1.0,1930.0,"{'architectureType': 'Ranch', 'cooling': True, 'coolingType': 'Commercial', 'fireplace': True, 'floorCount': 1, 'foundationType': 'Raised', 'garage': True, 'garageType': 'Garage', 'heating': True, 'roomCount': 8, 'unitCount': 1}",0.0
316,4.0,2.0,1536.0,"{'cooling': True, 'coolingType': 'Central', 'exteriorType': 'Brick Veneer', 'floorCount': 1, 'foundationType': 'Slab / Mat / Raft', 'garage': True, 'garageSpaces': 2, 'garageType': 'Attached', 'heating': True, 'heatingType': 'Central', 'roofType': 'Composition Shingle', 'unitCount': 1}",9739.0
317,2.0,1.0,1060.0,"{'floorCount': 1, 'garage': True, 'garageType': 'Garage', 'roomCount': 5, 'unitCount': 1}",3400.0
318,4.0,2.0,2135.0,"{'architectureType': 'Traditional', 'cooling': True, 'coolingType': 'Central', 'exteriorType': 'Brick Veneer', 'fireplace': True, 'floorCount': 1, 'foundationType': 'Slab / Mat / Raft', 'garage': True, 'garageSpaces': 2, 'garageType': 'Attached', 'heating': True, 'heatingType': 'Central', 'roomCount': 7, 'unitCount': 1}",7488.0
319,4.0,2.5,2991.0,"{'floorCount': 2, 'garage': True, 'garageType': 'Attached'}",18731.0
320,3.0,2.0,1400.0,Unknown,16553.0
321,3.0,2.5,2540.0,"{'cooling': True, 'coolingType': 'Central', 'exteriorType': 'Brick Veneer', 'fireplace': True, 'floorCount': 1, 'foundationType': 'Slab / Mat / Raft', 'garage': True, 'garageSpaces': 2, 'garageType': 'Attached', 'heating': True, 'heatingType': 'Central', 'roomCount': 6, 'pool': True}",8298.0
322,3.0,2.0,1271.0,"{'architectureType': 'Ranch', 'cooling': True, 'coolingType': 'Central', 'exteriorType': 'Aluminum / Vinyl Siding', 'floorCount': 1, 'heating': True, 'heatingType': 'Central', 'roofType': 'Composition Shingle', 'roomCount': 5, 'unitCount': 1}",10890.0
323,2.0,2.0,1832.0,"{'architectureType': 'Traditional', 'cooling': True, 'coolingType': 'Central', 'exteriorType': 'Asbestos Shingle', 'floorCount': 1, 'foundationType': 'Block', 'garage': True, 'garageSpaces': 2, 'garageType': 'Mixed', 'heating': True, 'heatingType': 'Central', 'roofType': 'Composition Shingle', 'roomCount': 6}",15900.0
324,3.0,2.5,3480.0,"{'architectureType': 'Colonial', 'exteriorType': 'Wood', 'fireplace': True, 'floorCount': 2, 'foundationType': 'Other', 'garage': True, 'garageSpaces': 1, 'garageType': 'Detached', 'heating': True, 'heatingType': 'Forced Air', 'roofType': 'Composition Shingle', 'unitCount': 1}",9677.0
325,0.0,0.0,0.0,Unknown,26136.0
326,2.0,1.5,960.0,"{'cooling': True, 'coolingType': 'Central', 'exteriorType': 'Wood', 'floorCount': 1, 'foundationType': 'Other', 'garage': True, 'garageSpaces': 2, 'garageType': 'Carport', 'heating': True, 'heatingType': 'Central', 'roofType': 'Composition Shingle'}",10611.0
327,3.0,3.0,1299.0,"{'architectureType': 'Condo / Apartment', 'cooling': True, 'coolingType': 'Commercial', 'heating': True, 'heatingType': 'Central', 'unitCount': 1}",84173.0
328,4.0,2.5,2172.0,"{'cooling': True, 'coolingType': 'Central', 'fireplace': True, 'floorCount': 2, 'garage': True, 'garageType': 'Mixed', 'heating': True, 'heatingType': 'Central', 'pool': True, 'poolType': 'Above-Ground Pool', 'roofType': 'Asphalt', 'roomCount': 8}",31363.0
329,0.0,2.0,2047.0,"{'cooling': True, 'coolingType': 'Central', 'exteriorType': 'Brick / Stone', 'fireplace': True, 'fireplaceType': 'Single', 'floorCount': 1, 'foundationType': 'Slab / Mat / Raft', 'garage': True, 'garageSpaces': 2, 'garageType': 'Attached', 'heating': True, 'heatingType': 'Central', 'roofType': 'Fiberglass'}",7841.0
330,3.0,2.0,2210.0,"{'floorCount': 1, 'unitCount': 1}",4600.0
331,2.0,1.0,800.0,"{'architectureType': 'Conventional', 'floorCount': 1, 'heating': True, 'heatingType': 'Floor / Wall', 'roomCount': 5, 'unitCount': 1}",3180.0
332,3.0,1.0,832.0,Unknown,2831400.0
333,0.0,4.0,2585.0,"{'cooling': True, 'coolingType': 'Refrigeration', 'exteriorType': 'Stucco', 'floorCount': 1, 'garage': True, 'garageSpaces': 2, 'garageType': 'Garage', 'heating': True}",7230.0
334,0.0,0.0,1768.0,"{'floorCount': 1, 'garage': True, 'garageType': 'Attached', 'exteriorType': 'Stucco', 'foundationType': 'Other', 'roofType': 'Composition Shingle'}",5000.0
335,3.0,1.0,1300.0,"{'cooling': True, 'coolingType': 'Window', 'exteriorType': 'Other', 'floorCount': 1, 'foundationType': 'Pier / Post & Beam', 'garage': True, 'garageType': 'Detached', 'heating': True, 'heatingType': 'Gas', 'roofType': 'Composition Shingle', 'unitCount': 1}",15704.0
336,4.0,1.0,1891.0,"{'cooling': True, 'coolingType': 'Central', 'exteriorType': 'Brick Veneer', 'fireplace': True, 'fireplaceType': 'Prefab', 'floorCount': 1, 'foundationType': 'Slab / Mat / Raft', 'garage': True, 'garageType': 'Garage', 'heating': True, 'heatingType': 'Electric', 'roofType': 'Composition Shingle', 'unitCount': 1}",9443.0
337,3.0,2.5,1704.0,"{'architectureType': 'Contemporary', 'cooling': True, 'coolingType': 'Central', 'exteriorType': 'Wood', 'fireplace': True, 'floorCount': 2, 'foundationType': 'Slab / Mat / Raft', 'garage': True, 'garageSpaces': 1, 'garageType': 'Attached', 'heating': True, 'heatingType': 'Forced Air', 'roofType': 'Asphalt', 'roomCount': 8, 'unitCount': 1}",5431.0
338,3.0,2.5,1787.0,Unknown,0.0
339,3.0,2.5,2613.0,"{'architectureType': 'Conventional', 'cooling': True, 'coolingType': 'Central', 'exteriorType': 'Stone', 'fireplace': True, 'fireplaceType': 'Masonry', 'floorCount': 1, 'garage': True, 'garageType': 'Garage', 'heating': True, 'heatingType': 'Forced Air', 'roomCount': 11, 'unitCount': 1}",20865.0
340,0.0,2.0,1120.0,"{'cooling': True, 'coolingType': 'Refrigeration', 'exteriorType': 'Wood', 'floorCount': 1, 'garage': True, 'garageSpaces': 1, 'garageType': 'Mixed', 'heating': True, 'heatingType': 'Forced Air', 'roofType': 'Asphalt', 'roomCount': 5, 'unitCount': 1}",8019.0
341,6.0,2.0,2289.0,"{'exteriorType': 'Asbestos Shingle', 'floorCount': 2, 'heating': True, 'heatingType': 'Hot Water / Steam', 'roofType': 'Asphalt', 'roomCount': 12, 'unitCount': 2}",7500.0
342,3.0,1.0,848.0,"{'exteriorType': 'Other', 'floorCount': 1, 'foundationType': 'Block', 'garage': True, 'garageType': 'Carport', 'heating': True, 'heatingType': 'Convection', 'roofType': 'Composition Shingle', 'unitCount': 1}",14500.0
343,4.0,2.0,1824.0,"{'architectureType': 'Split Level', 'cooling': True, 'coolingType': 'Central', 'exteriorType': 'Stucco', 'fireplace': True, 'floorCount': 2, 'garage': True, 'garageSpaces': 4, 'garageType': 'Mixed', 'heating': True, 'heatingType': 'Central', 'roofType': 'Composition Shingle', 'unitCount': 1}",6500.0
344,3.0,2.5,2290.0,"{'cooling': True, 'coolingType': 'Central', 'exteriorType': 'Brick', 'fireplace': True, 'floorCount': 1, 'foundationType': 'Slab / Mat / Raft', 'heating': True, 'heatingType': 'Central', 'roofType': 'Asphalt', 'unitCount': 1}",0.0
345,0.0,1.0,636.0,"{'exteriorType': 'Wood', 'floorCount': 1, 'garage': True, 'garageSpaces': 1, 'garageType': 'Carport', 'heating': True, 'heatingType': 'Gravity', 'roofType': 'Metal', 'unitCount': 1}",4380.0
346,2.0,2.5,1634.0,"{'architectureType': 'Townhouse', 'cooling': True, 'coolingType': 'Central', 'exteriorType': 'Other', 'fireplace': True, 'floorCount': 1, 'foundationType': 'Brick', 'garage': True, 'garageType': 'Attached', 'heating': True, 'roofType': 'Asphalt', 'roomCount': 4}",12284.0
347,4.0,2.5,1752.0,"{'exteriorType': 'Wood', 'floorCount': 2, 'unitCount': 1}",7200.0
348,0.0,0.0,3084.0,Unknown,5662.0
349,3.0,2.0,1344.0,"{'architectureType': 'Mobile Home', 'cooling': True, 'coolingType': 'Commercial', 'exteriorType': 'Aluminum / Vinyl Siding', 'floorCount': 1, 'foundationType': 'Pier / Post & Beam', 'garage': True, 'garageType': 'Carport', 'heating': True, 'heatingType': 'Convection', 'roofType': 'Metal', 'unitCount': 1}",13939.0
350,3.0,2.0,1822.0,"{'cooling': True, 'coolingType': 'Central', 'fireplace': True, 'floorCount': 1, 'garage': True, 'garageType': 'Attached', 'heating': True, 'heatingType': 'Central', 'roomCount': 7, 'unitCount': 1}",13068.0
351,3.0,2.5,1818.0,"{'architectureType': 'Condo / Apartment', 'cooling': True, 'coolingType': 'Central', 'exteriorType': 'Stucco', 'floorCount': 1, 'heating': True, 'heatingType': 'Central', 'roofType': 'Roll Tar & Gravel', 'roomCount': 4, 'unitCount': 1}",2831400.0
352,3.0,1.0,1232.0,"{'architectureType': 'Ranch', 'cooling': True, 'coolingType': 'Commercial', 'exteriorType': 'Aluminum / Vinyl Siding', 'fireplace': True, 'floorCount': 1, 'heating': True, 'heatingType': 'Gas', 'roomCount': 6, 'unitCount': 1}",6852.0
353,4.0,3.0,2608.0,"{'cooling': True, 'coolingType': 'Central', 'floorCount': 2, 'garage': True, 'garageSpaces': 2, 'garageType': 'Detached', 'heating': True, 'heatingType': 'Central', 'roomCount': 7, 'unitCount': 1}",14060.0
354,3.0,1.0,1262.0,"{'cooling': True, 'coolingType': 'Commercial', 'exteriorType': 'Brick', 'floorCount': 2, 'foundationType': 'Wood', 'garage': True, 'garageSpaces': 1, 'garageType': 'Garage', 'heating': True, 'heatingType': 'Forced Air', 'roofType': 'Shingle', 'roomCount': 6, 'unitCount': 1}",6300.0
355,3.0,2.0,1372.0,"{'cooling': True, 'coolingType': 'Central', 'exteriorType': 'Other', 'fireplace': True, 'floorCount': 1, 'garage': True, 'garageSpaces': 2, 'garageType': 'Attached', 'roofType': 'Shingle', 'unitCount': 1}",13939.0
356,2.0,2.0,1060.0,"{'architectureType': 'Condo / Apartment', 'cooling': True, 'coolingType': 'Commercial', 'exteriorType': 'Brick / Stone', 'floorCount': 1, 'garage': True, 'garageType': 'Carport', 'heating': True, 'pool': True, 'unitCount': 1, 'viewType': 'Average'}",0.0
357,3.0,2.0,1297.0,"{'architectureType': 'Conventional', 'floorCount': 1, 'garage': True, 'garageSpaces': 1, 'garageType': 'Garage', 'heating': True, 'heatingType': 'Central', 'roomCount': 5, 'unitCount': 1}",6251.0
358,4.0,3.5,3014.0,"{'cooling': True, 'coolingType': 'Refrigeration', 'floorCount': 1, 'garage': True, 'garageSpaces': 3, 'garageType': 'Attached', 'pool': True, 'heating': True, 'heatingType': 'Forced Air'}",22651.0
359,3.0,1.0,1518.0,"{'architectureType': 'Traditional', 'exteriorType': 'Composition', 'floorCount': 2, 'garage': True, 'garageType': 'Detached', 'heating': True, 'heatingType': 'Forced Air', 'roomCount': 6, 'unitCount': 1}",7500.0
360,3.0,2.0,2381.0,"{'exteriorType': 'Stucco', 'floorCount': 1, 'roofType': 'Asphalt', 'unitCount': 1}",6534.0
361,4.0,2.5,2288.0,"{'exteriorType': 'Wood', 'floorCount': 1, 'roomCount': 6, 'unitCount': 1}",5061.0
362,3.0,2.0,2092.0,"{'architectureType': 'Ranch', 'cooling': True, 'coolingType': 'Commercial', 'fireplace': True, 'floorCount': 1, 'garage': True, 'garageType': 'Carport', 'heating': True, 'roomCount': 5, 'unitCount': 1}",125017.0
363,0.0,1.0,1012.0,"{'architectureType': 'Conventional', 'cooling': True, 'coolingType': 'Central', 'exteriorType': 'Brick', 'floorCount': 1, 'foundationType': 'Raised', 'heating': True, 'heatingType': 'Central', 'roomCount': 5, 'unitCount': 1}",10454.0
364,3.0,1.0,912.0,"{'exteriorType': 'Other', 'floorCount': 1, 'foundationType': 'Other', 'roofType': 'Roll Tar & Gravel', 'unitCount': 1, 'garage': True, 'garageType': 'Carport'}",7501.0
365,4.0,2.0,1372.0,"{'cooling': True, 'coolingType': 'Evaporative', 'exteriorType': 'Brick', 'fireplace': True, 'floorCount': 1, 'foundationType': 'Slab / Mat / Raft', 'garage': True, 'garageType': 'Attached', 'heating': True, 'heatingType': 'Forced Air', 'roofType': 'Composition Shingle', 'roomCount': 10, 'unitCount': 1}",7645.0
366,4.0,3.0,2038.0,"{'cooling': True, 'coolingType': 'Commercial', 'exteriorType': 'Wood', 'fireplace': True, 'floorCount': 1, 'garage': True, 'garageType': 'Attached', 'heating': True}",8625.0
367,3.0,2.0,1685.0,"{'cooling': True, 'coolingType': 'Central', 'exteriorType': 'Concrete Block', 'floorCount': 1, 'garage': True, 'garageType': 'Garage', 'heating': True, 'heatingType': 'Central', 'roofType': 'Composition Shingle', 'unitCount': 1}",8700.0
368,3.0,1.0,1102.0,"{'architectureType': 'Ranch', 'cooling': True, 'coolingType': 'Commercial', 'exteriorType': 'Brick', 'floorCount': 1, 'unitCount': 1}",0.0
369,3.0,2.0,1726.0,"{'cooling': True, 'coolingType': 'Refrigeration', 'exteriorType': 'Wood', 'floorCount': 2, 'garage': True, 'garageSpaces': 2, 'garageType': 'Garage', 'heating': True, 'heatingType': 'Forced Air', 'pool': True, 'roofType': 'Other', 'roomCount': 6, 'unitCount': 1}",6531.0
370,3.0,3.0,1967.0,"{'cooling': True, 'coolingType': 'Refrigeration', 'exteriorType': 'Stucco', 'floorCount': 2, 'garage': True, 'garageSpaces': 2, 'garageType': 'Garage', 'heating': True, 'heatingType': 'Forced Air', 'roofType': 'Other', 'roomCount': 6, 'unitCount': 1}",5017.0
371,3.0,3.0,1566.0,"{'architectureType': 'Condo / Apartment', 'cooling': True, 'coolingType': 'Commercial', 'heating': True, 'heatingType': 'Central', 'unitCount': 1}",20055.0
372,3.0,2.0,1158.0,"{'cooling': True, 'coolingType': 'Central', 'fireplace': True, 'floorCount': 1, 'foundationType': 'Slab / Mat / Raft', 'garage': True, 'garageSpaces': 2, 'garageType': 'Attached', 'heating': True, 'heatingType': 'Central', 'roofType': 'Composition Shingle', 'roomCount': 6, 'unitCount': 1}",5500.0
373,4.0,3.0,2250.0,"{'cooling': True, 'coolingType': 'Central', 'fireplace': True, 'floorCount': 2, 'garage': True, 'garageType': 'Attached', 'heating': True, 'heatingType': 'Central', 'roomCount': 8}",3127.0
374,3.0,2.5,2036.0,"{'architectureType': 'Colonial', 'cooling': True, 'coolingType': 'Commercial', 'exteriorType': 'Aluminum / Vinyl Siding', 'floorCount': 2, 'heating': True, 'heatingType': 'Forced Air', 'roofType': 'Asphalt', 'roomCount': 7, 'unitCount': 1}",27443.0
375,3.0,3.0,1528.0,"{'architectureType': 'Condo / Apartment', 'cooling': True, 'coolingType': 'Commercial', 'exteriorType': 'Other', 'floorCount': 2, 'heating': True, 'heatingType': 'Forced Air', 'roofType': 'Asphalt', 'roomCount': 6}",0.0
376,3.0,2.0,1851.0,"{'architectureType': 'Traditional', 'cooling': True, 'coolingType': 'Commercial', 'exteriorType': 'Combination', 'fireplace': True, 'floorCount': 2, 'foundationType': 'Stone', 'garage': True, 'garageType': 'Garage', 'heating': True, 'heatingType': 'Forced Air', 'roofType': 'Composition Shingle', 'unitCount': 1}",10019.0
377,3.0,2.0,1080.0,"{'cooling': True, 'coolingType': 'Central', 'exteriorType': 'Wood', 'floorCount': 1, 'foundationType': 'Slab / Mat / Raft', 'heating': True, 'heatingType': 'Central', 'roofType': 'Fiberglass'}",6600.0
378,0.0,3.0,2609.0,"{'cooling': True, 'coolingType': 'Central', 'exteriorType': 'Wood', 'fireplace': True, 'floorCount': 2, 'foundationType': 'Footing', 'garage': True, 'garageSpaces': 2, 'garageType': 'Garage', 'heating': True, 'heatingType': 'Central', 'roofType': 'Composition Shingle', 'unitCount': 1}",14323.0
379,4.0,2.0,2387.0,"{'cooling': True, 'coolingType': 'Commercial', 'exteriorType': 'Brick', 'fireplace': True, 'fireplaceType': 'Single', 'floorCount': 1, 'foundationType': 'Slab / Mat / Raft', 'garage': True, 'garageSpaces': 2, 'garageType': 'Attached', 'heating': True, 'heatingType': 'Forced Air', 'roofType': 'Asphalt', 'roomCount': 10, 'unitCount': 1}",13912.0
380,4.0,4.0,1164.0,"{'architectureType': 'Ranch', 'cooling': True, 'coolingType': 'Central', 'exteriorType': 'Brick', 'fireplace': True, 'floorCount': 1, 'garage': True, 'garageSpaces': 1, 'garageType': 'Garage', 'heating': True, 'heatingType': 'Forced Air', 'roomCount': 9, 'unitCount': 1}",8712.0
381,3.0,1.5,1842.0,"{'architectureType': 'Ranch', 'exteriorType': 'Aluminum / Vinyl Siding', 'floorCount': 1, 'garage': True, 'garageType': 'Detached', 'heating': True, 'heatingType': 'Hot Water', 'unitCount': 1}",22651.0
382,3.0,2.0,1728.0,Unknown,261360.0
383,4.0,4.0,1826.0,"{'architectureType': 'Condo / Apartment', 'cooling': True, 'coolingType': 'Commercial', 'exteriorType': 'Brick', 'fireplace': True, 'floorCount': 2, 'heating': True, 'heatingType': 'Forced Air', 'roofType': 'Metal', 'roomCount': 10, 'unitCount': 1}",1275.0
384,3.0,1.5,1120.0,"{'cooling': True, 'coolingType': 'Central', 'floorCount': 1, 'foundationType': 'Raised', 'garage': True, 'garageType': 'Detached', 'heating': True, 'heatingType': 'Central', 'roofType': 'Asphalt', 'roomCount': 6, 'unitCount': 1}",10149.0
385,1.0,1.0,960.0,"{'architectureType': 'Two Family', 'cooling': True, 'coolingType': 'Central', 'exteriorType': 'Brick', 'fireplace': True, 'floorCount': 1, 'foundationType': 'Raised', 'heating': True, 'heatingType': 'Central', 'roofType': 'Asphalt', 'roomCount': 4}",1612.0
386,1.0,1.0,600.0,Unknown,7254.0
387,3.0,1.0,1269.0,"{'architectureType': 'Bungalow', 'cooling': True, 'coolingType': 'Central', 'exteriorType': 'Aluminum / Vinyl Siding', 'fireplace': True, 'floorCount': 1, 'garage': True, 'garageType': 'Carport', 'heating': True, 'heatingType': 'Forced Air', 'roomCount': 6, 'unitCount': 1, 'foundationType': 'Raised'}",13011.0
388,0.0,0.0,1050.0,"{'exteriorType': 'Brick', 'floorCount': 2, 'unitCount': 1}",1512.0
389,3.0,1.0,1162.0,"{'exteriorType': 'Wood', 'floorCount': 1, 'foundationType': 'Wood', 'garage': True, 'garageType': 'Carport', 'heating': True, 'roofType': 'Shingle', 'roomCount': 5, 'unitCount': 1}",21450.0
390,3.0,2.0,2109.0,"{'cooling': True, 'coolingType': 'Commercial', 'exteriorType': 'Other', 'floorCount': 1, 'garage': True, 'garageType': 'Attached', 'heating': True}",8494.0
391,6.0,4.5,4266.0,"{'cooling': True, 'coolingType': 'Commercial', 'exteriorType': 'Stucco', 'floorCount': 2, 'garage': True, 'garageType': 'Garage', 'heating': True, 'heatingType': 'Forced Air', 'roofType': 'Tile', 'unitCount': 1, 'viewType': 'Water'}",16326.0
392,1.0,1.0,834.0,"{'cooling': True, 'coolingType': 'Central', 'exteriorType': 'Vinyl', 'floorCount': 1, 'foundationType': 'Raised', 'garage': True, 'garageType': 'Detached', 'heating': True, 'roofType': 'Shingle', 'unitCount': 1, 'heatingType': 'Central', 'roomCount': 4}",4800.0
393,3.0,2.0,1322.0,"{'exteriorType': 'Aluminum / Vinyl Siding', 'floorCount': 1, 'foundationType': 'Raised', 'heating': True, 'heatingType': 'Electric', 'roofType': 'Composition Shingle'}",9583.0
394,6.0,7.0,4787.0,"{'architectureType': 'Colonial', 'cooling': True, 'coolingType': 'Central', 'exteriorType': 'Other', 'fireplace': True, 'floorCount': 2, 'foundationType': 'Other', 'heating': True, 'heatingType': 'Central', 'roofType': 'Asphalt'}",31363.0
395,2.0,2.0,1903.0,Unknown,3870.0
396,4.0,2.0,1806.0,"{'exteriorType': 'Brick', 'floorCount': 1, 'roofType': 'Asphalt', 'roomCount': 7}",17424.0
397,4.0,3.0,2378.0,"{'architectureType': 'Contemporary', 'cooling': True, 'coolingType': 'Central', 'exteriorType': 'Stucco', 'floorCount': 1, 'garage': True, 'garageSpaces': 2, 'garageType': 'Garage', 'heating': True, 'heatingType': 'Central', 'pool': True, 'poolType': 'Pool and Hot Tub / Spa', 'roofType': 'Composition Shingle', 'unitCount': 1}",9890.0
398,5.0,2.0,2616.0,"{'garage': True, 'garageType': 'Attached', 'heating': True, 'heatingType': 'Baseboard', 'roofType': 'Roll Composition'}",326700.0
399,2.0,2.0,1898.0,"{'fireplace': True, 'fireplaceType': 'Masonry', 'floorCount': 1, 'foundationType': 'Raised', 'garage': True, 'garageSpaces': 2, 'garageType': 'Attached', 'heating': True, 'heatingType': 'Gravity', 'pool': True, 'poolType': 'Above-Ground Pool', 'roofType': 'Asphalt', 'roomCount': 7}",34848.0
400,0.0,0.0,2474.0,"{'exteriorType': 'Aluminum / Vinyl Siding', 'floorCount': 2, 'garage': True, 'garageSpaces': 2, 'garageType': 'Attached', 'unitCount': 1}",8276.0
401,3.0,1.0,1210.0,"{'cooling': True, 'coolingType': 'Commercial', 'exteriorType': 'Vinyl', 'floorCount': 1, 'foundationType': 'Wood', 'garage': True, 'garageType': 'Mixed', 'heating': True, 'heatingType': 'Forced Air', 'roofType': 'Shingle', 'roomCount': 5, 'unitCount': 1}",20000.0
402,4.0,2.0,1044.0,"{'architectureType': 'Ranch', 'cooling': True, 'coolingType': 'Central', 'exteriorType': 'Brick', 'floorCount': 1, 'garage': True, 'garageType': 'Carport', 'heating': True, 'heatingType': 'Central', 'roofType': 'Asphalt', 'roomCount': 9}",8276.0
403,2.0,2.0,880.0,"{'architectureType': 'Mobile Home', 'cooling': True, 'coolingType': 'Central', 'exteriorType': 'Aluminum / Vinyl Siding', 'floorCount': 1, 'heating': True, 'heatingType': 'Forced Air', 'roofType': 'Asphalt'}",2265.0
404,0.0,3.5,3709.0,"{'exteriorType': 'Brick', 'floorCount': 2, 'garage': True, 'garageSpaces': 2, 'garageType': 'Garage', 'unitCount': 1}",27443.0
